name_file,real_eggs_images,counted_eggs_image,model_name,total_time,image_name,timestamp
/media/williancaddd/CODES/WORKSPACE-FIOTEC/eggs-count-algorithms/base-10,128,136,best-train2.pt,41.583563,paleta-10-128.jpg,2025-03-26 21:06:37
/media/williancaddd/CODES/WORKSPACE-FIOTEC/eggs-count-algorithms/base-10,12,15,best-train2.pt,32.511311,paleta-11-12.jpg,2025-03-26 21:06:37
/media/williancaddd/CODES/WORKSPACE-FIOTEC/eggs-count-algorithms/base-10,169,159,best-train2.pt,34.731858,paleta-11-169.jpg,2025-03-26 21:06:37
/media/williancaddd/CODES/WORKSPACE-FIOTEC/eggs-count-algorithms/base-10,10,17,best-train2.pt,35.198225,paleta-12-10.jpg,2025-03-26 21:06:37
/media/williancaddd/CODES/WORKSPACE-FIOTEC/eggs-count-algorithms/base-10,34,32,best-train2.pt,34.251991,paleta-12-34.jpg,2025-03-26 21:06:37
/media/williancaddd/CODES/WORKSPACE-FIOTEC/eggs-count-algorithms/base-10,89,88,best-train2.pt,36.128729,paleta-14-89.jpg,2025-03-26 21:06:37
/media/williancaddd/CODES/WORKSPACE-FIOTEC/eggs-count-algorithms/base-10,111,58,best-train2.pt,35.952646,paleta-15-111.jpg,2025-03-26 21:06:37
/media/williancaddd/CODES/WORKSPACE-FIOTEC/eggs-count-algorithms/base-10,172,225,best-train2.pt,35.454575,paleta-16-172.jpg,2025-03-26 21:06:37
/media/williancaddd/CODES/WORKSPACE-FIOTEC/eggs-count-algorithms/base-10,54,54,best-train2.pt,35.849943,paleta-17-54.jpg,2025-03-26 21:06:37
/media/williancaddd/CODES/WORKSPACE-FIOTEC/eggs-count-algorithms/base-10,90,107,best-train2.pt,36.251159,paleta-17-90.jpg,2025-03-26 21:06:37
/media/williancaddd/CODES/WORKSPACE-FIOTEC/eggs-count-algorithms/base-10,56,54,best-train2.pt,38.255987,paleta-3-56.jpg,2025-03-26 21:06:37
/media/williancaddd/CODES/WORKSPACE-FIOTEC/eggs-count-algorithms/base-10,34,54,best-train2.pt,38.237736,paleta-4-34.jpg,2025-03-26 21:06:37
/media/williancaddd/CODES/WORKSPACE-FIOTEC/eggs-count-algorithms/base-10,11,20,best-train2.pt,37.017674,paleta-5-11.jpg,2025-03-26 21:06:37
/media/williancaddd/CODES/WORKSPACE-FIOTEC/eggs-count-algorithms/base-10,27,31,best-train2.pt,36.383424,paleta-6-27.jpg,2025-03-26 21:06:37
/media/williancaddd/CODES/WORKSPACE-FIOTEC/eggs-count-algorithms/base-10,55,57,best-train2.pt,47.847291,paleta-6-55.jpg,2025-03-26 21:06:37
/media/williancaddd/CODES/WORKSPACE-FIOTEC/eggs-count-algorithms/base-10,89,103,best-train2.pt,38.959756,paleta-7-89.jpg,2025-03-26 21:06:37
/media/williancaddd/CODES/WORKSPACE-FIOTEC/eggs-count-algorithms/base-10,100,99,best-train2.pt,38.730837,paleta-8-100.jpg,2025-03-26 21:06:37
/media/williancaddd/CODES/WORKSPACE-FIOTEC/eggs-count-algorithms/base-10,64,74,best-train2.pt,36.119474,paleta-8-64.jpg,2025-03-26 21:06:37
/media/williancaddd/CODES/WORKSPACE-FIOTEC/eggs-count-algorithms/base-10,39,47,best-train2.pt,36.044579,paleta-9-39.jpg,2025-03-26 21:06:37
/media/williancaddd/CODES/WORKSPACE-FIOTEC/eggs-count-algorithms/base-10,82,98,best-train2.pt,36.5077,paleta-9-82.jpg,2025-03-26 21:06:37
/media/williancaddd/CODES/WORKSPACE-FIOTEC/eggs-count-algorithms/base-11,183,83,best-train2.pt,37.0167,paleta-43-183.jpg,2025-03-26 21:13:01
/media/williancaddd/CODES/WORKSPACE-FIOTEC/eggs-count-algorithms/base-11,50,33,best-train2.pt,44.794793,paleta-43-50.jpg,2025-03-26 21:13:01
/media/williancaddd/CODES/WORKSPACE-FIOTEC/eggs-count-algorithms/base-11,14,18,best-train2.pt,37.667659,paleta-46-14.jpg,2025-03-26 21:13:01
/media/williancaddd/CODES/WORKSPACE-FIOTEC/eggs-count-algorithms/base-11,102,96,best-train2.pt,39.450992,paleta-48-102.jpg,2025-03-26 21:13:01
/media/williancaddd/CODES/WORKSPACE-FIOTEC/eggs-count-algorithms/base-11,17,19,best-train2.pt,37.096417,paleta-48-17.jpg,2025-03-26 21:13:01
/media/williancaddd/CODES/WORKSPACE-FIOTEC/eggs-count-algorithms/base-11,242,216,best-train2.pt,36.358561,paleta-48-242.jpg,2025-03-26 21:13:01
/media/williancaddd/CODES/WORKSPACE-FIOTEC/eggs-count-algorithms/base-11,148,144,best-train2.pt,38.398446,paleta-49-148.jpg,2025-03-26 21:13:01
/media/williancaddd/CODES/WORKSPACE-FIOTEC/eggs-count-algorithms/base-11,257,239,best-train2.pt,35.871746,paleta-49-257.jpg,2025-03-26 21:13:01
/media/williancaddd/CODES/WORKSPACE-FIOTEC/eggs-count-algorithms/base-11,13,38,best-train2.pt,36.544085,paleta-50-13.jpg,2025-03-26 21:13:01
/media/williancaddd/CODES/WORKSPACE-FIOTEC/eggs-count-algorithms/base-11,30,31,best-train2.pt,39.558773,paleta-50-30.jpg,2025-03-26 21:13:01
/media/williancaddd/CODES/WORKSPACE-FIOTEC/eggs-count-algorithms/base-12,25,55,best-train2.pt,39.661168,paleta-1-25.jpg,2025-03-26 21:46:54
/media/williancaddd/CODES/WORKSPACE-FIOTEC/eggs-count-algorithms/base-12,103,107,best-train2.pt,40.79223,paleta-10-103.jpg,2025-03-26 21:46:54
/media/williancaddd/CODES/WORKSPACE-FIOTEC/eggs-count-algorithms/base-12,179,103,best-train2.pt,39.287488,paleta-10-179.jpg,2025-03-26 21:46:54
/media/williancaddd/CODES/WORKSPACE-FIOTEC/eggs-count-algorithms/base-12,56,40,best-train2.pt,46.003531,paleta-10-56.jpg,2025-03-26 21:46:54
/media/williancaddd/CODES/WORKSPACE-FIOTEC/eggs-count-algorithms/base-12,79,80,best-train2.pt,38.487569,paleta-10-79.jpg,2025-03-26 21:46:54
/media/williancaddd/CODES/WORKSPACE-FIOTEC/eggs-count-algorithms/base-12,148,109,best-train2.pt,39.102128,paleta-11-148.jpg,2025-03-26 21:46:54
/media/williancaddd/CODES/WORKSPACE-FIOTEC/eggs-count-algorithms/base-12,157,185,best-train2.pt,53.881746,paleta-11-157.jpg,2025-03-26 21:46:54
/media/williancaddd/CODES/WORKSPACE-FIOTEC/eggs-count-algorithms/base-12,178,91,best-train2.pt,42.514475,paleta-11-178.jpg,2025-03-26 21:46:54
/media/williancaddd/CODES/WORKSPACE-FIOTEC/eggs-count-algorithms/base-12,181,91,best-train2.pt,42.355508,paleta-12-181.jpg,2025-03-26 21:46:54
/media/williancaddd/CODES/WORKSPACE-FIOTEC/eggs-count-algorithms/base-12,19,30,best-train2.pt,43.871665,paleta-12-19.jpg,2025-03-26 21:46:54
/media/williancaddd/CODES/WORKSPACE-FIOTEC/eggs-count-algorithms/base-12,24,32,best-train2.pt,49.221272,paleta-12-24.jpg,2025-03-26 21:46:54
/media/williancaddd/CODES/WORKSPACE-FIOTEC/eggs-count-algorithms/base-12,41,29,best-train2.pt,46.599464,paleta-12-41.jpg,2025-03-26 21:46:54
/media/williancaddd/CODES/WORKSPACE-FIOTEC/eggs-count-algorithms/base-12,28,16,best-train2.pt,70.291374,paleta-13-28.jpg,2025-03-26 21:46:54
/media/williancaddd/CODES/WORKSPACE-FIOTEC/eggs-count-algorithms/base-12,31,53,best-train2.pt,41.951057,paleta-13-31.jpg,2025-03-26 21:46:54
/media/williancaddd/CODES/WORKSPACE-FIOTEC/eggs-count-algorithms/base-12,33,17,best-train2.pt,41.100886,paleta-13-33.jpg,2025-03-26 21:46:54
/media/williancaddd/CODES/WORKSPACE-FIOTEC/eggs-count-algorithms/base-12,82,105,best-train2.pt,41.734636,paleta-13-82.jpg,2025-03-26 21:46:54
/media/williancaddd/CODES/WORKSPACE-FIOTEC/eggs-count-algorithms/base-12,83,60,best-train2.pt,46.339653,paleta-13-83.jpg,2025-03-26 21:46:54
/media/williancaddd/CODES/WORKSPACE-FIOTEC/eggs-count-algorithms/base-12,54,67,best-train2.pt,44.092571,paleta-15-54.jpg,2025-03-26 21:46:54
/media/williancaddd/CODES/WORKSPACE-FIOTEC/eggs-count-algorithms/base-12,66,74,best-train2.pt,42.437423,paleta-15-66.jpg,2025-03-26 21:46:54
/media/williancaddd/CODES/WORKSPACE-FIOTEC/eggs-count-algorithms/base-12,92,65,best-train2.pt,42.133539,paleta-15-92.jpg,2025-03-26 21:46:54
/media/williancaddd/CODES/WORKSPACE-FIOTEC/eggs-count-algorithms/base-12,4,11,best-train2.pt,42.794848,paleta-16-4.jpg,2025-03-26 21:46:54
/media/williancaddd/CODES/WORKSPACE-FIOTEC/eggs-count-algorithms/base-12,21,39,best-train2.pt,45.695109,paleta-17-21.jpg,2025-03-26 21:46:54
/media/williancaddd/CODES/WORKSPACE-FIOTEC/eggs-count-algorithms/base-12,49,54,best-train2.pt,40.573156,paleta-17-49.jpg,2025-03-26 21:46:54
/media/williancaddd/CODES/WORKSPACE-FIOTEC/eggs-count-algorithms/base-12,8,28,best-train2.pt,40.582289,paleta-17-8.jpg,2025-03-26 21:46:54
/media/williancaddd/CODES/WORKSPACE-FIOTEC/eggs-count-algorithms/base-12,10,17,best-train2.pt,41.358664,paleta-2-10.jpg,2025-03-26 21:46:54
/media/williancaddd/CODES/WORKSPACE-FIOTEC/eggs-count-algorithms/base-12,2,13,best-train2.pt,45.997915,paleta-2-2.jpg,2025-03-26 21:46:54
/media/williancaddd/CODES/WORKSPACE-FIOTEC/eggs-count-algorithms/base-12,4,19,best-train2.pt,41.259285,paleta-2-4.jpg,2025-03-26 21:46:54
/media/williancaddd/CODES/WORKSPACE-FIOTEC/eggs-count-algorithms/base-12,37,45,best-train2.pt,68.564751,paleta-3-37.jpg,2025-03-26 21:46:54
/media/williancaddd/CODES/WORKSPACE-FIOTEC/eggs-count-algorithms/base-12,107,177,best-train2.pt,37.943221,paleta-4-107.jpg,2025-03-26 21:46:54
/media/williancaddd/CODES/WORKSPACE-FIOTEC/eggs-count-algorithms/base-12,11,26,best-train2.pt,42.986131,paleta-4-11.jpg,2025-03-26 21:46:54
/media/williancaddd/CODES/WORKSPACE-FIOTEC/eggs-count-algorithms/base-12,125,140,best-train2.pt,38.635585,paleta-4-125.jpg,2025-03-26 21:46:54
/media/williancaddd/CODES/WORKSPACE-FIOTEC/eggs-count-algorithms/base-12,158,179,best-train2.pt,37.386543,paleta-4-158.jpg,2025-03-26 21:46:54
/media/williancaddd/CODES/WORKSPACE-FIOTEC/eggs-count-algorithms/base-12,5,14,best-train2.pt,36.442939,paleta-4-5.jpg,2025-03-26 21:46:54
/media/williancaddd/CODES/WORKSPACE-FIOTEC/eggs-count-algorithms/base-12,13,15,best-train2.pt,37.044181,paleta-5-13.jpg,2025-03-26 21:46:54
/media/williancaddd/CODES/WORKSPACE-FIOTEC/eggs-count-algorithms/base-12,26,39,best-train2.pt,38.837353,paleta-5-26.jpg,2025-03-26 21:46:54
/media/williancaddd/CODES/WORKSPACE-FIOTEC/eggs-count-algorithms/base-12,28,34,best-train2.pt,39.205201,paleta-5-28.jpg,2025-03-26 21:46:54
/media/williancaddd/CODES/WORKSPACE-FIOTEC/eggs-count-algorithms/base-12,38,46,best-train2.pt,37.090316,paleta-6-38.jpg,2025-03-26 21:46:54
/media/williancaddd/CODES/WORKSPACE-FIOTEC/eggs-count-algorithms/base-12,65,40,best-train2.pt,43.257805,paleta-6-65.jpg,2025-03-26 21:46:54
/media/williancaddd/CODES/WORKSPACE-FIOTEC/eggs-count-algorithms/base-12,14,15,best-train2.pt,43.569116,paleta-7-14.jpg,2025-03-26 21:46:54
/media/williancaddd/CODES/WORKSPACE-FIOTEC/eggs-count-algorithms/base-12,32,25,best-train2.pt,37.816598,paleta-7-32.jpg,2025-03-26 21:46:54
/media/williancaddd/CODES/WORKSPACE-FIOTEC/eggs-count-algorithms/base-12,139,158,best-train2.pt,38.553461,paleta-8-139.jpg,2025-03-26 21:46:54
/media/williancaddd/CODES/WORKSPACE-FIOTEC/eggs-count-algorithms/base-12,146,182,best-train2.pt,40.89775,paleta-8-146.jpg,2025-03-26 21:46:54
/media/williancaddd/CODES/WORKSPACE-FIOTEC/eggs-count-algorithms/base-12,15,24,best-train2.pt,38.652051,paleta-8-15.jpg,2025-03-26 21:46:54
/media/williancaddd/CODES/WORKSPACE-FIOTEC/eggs-count-algorithms/base-12,25,30,best-train2.pt,48.046624,paleta-8-25.jpg,2025-03-26 21:46:54
/media/williancaddd/CODES/WORKSPACE-FIOTEC/eggs-count-algorithms/base-12,12,21,best-train2.pt,44.612149,paleta-9-12.jpg,2025-03-26 21:46:54
/media/williancaddd/CODES/WORKSPACE-FIOTEC/eggs-count-algorithms/base-12,137,316,best-train2.pt,44.643611,paleta-9-137.jpg,2025-03-26 21:46:54
/media/williancaddd/CODES/WORKSPACE-FIOTEC/eggs-count-algorithms/base-12,60,52,best-train2.pt,44.377566,paleta-9-60.jpg,2025-03-26 21:46:54
/media/williancaddd/CODES/WORKSPACE-FIOTEC/eggs-count-algorithms/base-4,41,55,best-train2.pt,39.656212,paleta-1-41.png,2025-03-26 21:52:41
/media/williancaddd/CODES/WORKSPACE-FIOTEC/eggs-count-algorithms/base-4,60,54,best-train2.pt,35.702344,paleta-2-60.png,2025-03-26 21:52:41
/media/williancaddd/CODES/WORKSPACE-FIOTEC/eggs-count-algorithms/base-4,18,74,best-train2.pt,35.671433,paleta-3-18.png,2025-03-26 21:52:41
/media/williancaddd/CODES/WORKSPACE-FIOTEC/eggs-count-algorithms/base-4,20,21,best-train2.pt,33.463907,paleta-4-20.png,2025-03-26 21:52:41
/media/williancaddd/CODES/WORKSPACE-FIOTEC/eggs-count-algorithms/base-4,108,89,best-train2.pt,44.061106,paleta-43-108.jpg,2025-03-26 21:52:41
/media/williancaddd/CODES/WORKSPACE-FIOTEC/eggs-count-algorithms/base-4,29,22,best-train2.pt,38.493406,paleta-5-29.png,2025-03-26 21:52:41
/media/williancaddd/CODES/WORKSPACE-FIOTEC/eggs-count-algorithms/base-4,12,15,best-train2.pt,39.957456,paleta-6-12.png,2025-03-26 21:52:41
/media/williancaddd/CODES/WORKSPACE-FIOTEC/eggs-count-algorithms/base-4,32,38,best-train2.pt,37.988625,paleta-7-32.png,2025-03-26 21:52:41
/media/williancaddd/CODES/WORKSPACE-FIOTEC/eggs-count-algorithms/base-4,0,21,best-train2.pt,38.454203,paleta-8-0.png,2025-03-26 21:52:41
/media/williancaddd/CODES/WORKSPACE-FIOTEC/eggs-count-algorithms/base-5,18,21,best-train2.pt,47.897934,paleta-14-18.jpg,2025-03-26 22:00:15
/media/williancaddd/CODES/WORKSPACE-FIOTEC/eggs-count-algorithms/base-5,103,49,best-train2.pt,48.54182,paleta-185-103.jpg,2025-03-26 22:00:15
/media/williancaddd/CODES/WORKSPACE-FIOTEC/eggs-count-algorithms/base-5,34,52,best-train2.pt,41.106845,paleta-191-34.jpg,2025-03-26 22:00:15
/media/williancaddd/CODES/WORKSPACE-FIOTEC/eggs-count-algorithms/base-5,46,46,best-train2.pt,48.034957,paleta-201-46.jpg,2025-03-26 22:00:15
/media/williancaddd/CODES/WORKSPACE-FIOTEC/eggs-count-algorithms/base-5,152,150,best-train2.pt,47.937798,paleta-228-152.jpg,2025-03-26 22:00:15
/media/williancaddd/CODES/WORKSPACE-FIOTEC/eggs-count-algorithms/base-5,47,44,best-train2.pt,43.977282,paleta-254-47.jpg,2025-03-26 22:00:15
/media/williancaddd/CODES/WORKSPACE-FIOTEC/eggs-count-algorithms/base-5,12,12,best-train2.pt,48.110743,paleta-256-12.jpg,2025-03-26 22:00:15
/media/williancaddd/CODES/WORKSPACE-FIOTEC/eggs-count-algorithms/base-5,16,20,best-train2.pt,42.81147,paleta-38-16.jpg,2025-03-26 22:00:15
/media/williancaddd/CODES/WORKSPACE-FIOTEC/eggs-count-algorithms/base-5,44,33,best-train2.pt,37.162714,paleta-404-44.jpg,2025-03-26 22:00:15
/media/williancaddd/CODES/WORKSPACE-FIOTEC/eggs-count-algorithms/base-5,8,8,best-train2.pt,47.075621,paleta-81-8.jpg,2025-03-26 22:00:15
/media/williancaddd/CODES/WORKSPACE-FIOTEC/eggs-count-algorithms/base-6,23,20,best-train2.pt,38.311602,paleta-067-23.jpg,2025-03-26 22:06:54
/media/williancaddd/CODES/WORKSPACE-FIOTEC/eggs-count-algorithms/base-6,41,48,best-train2.pt,39.91894,paleta-109-41.jpg,2025-03-26 22:06:54
/media/williancaddd/CODES/WORKSPACE-FIOTEC/eggs-count-algorithms/base-6,32,39,best-train2.pt,40.351123,paleta-187-32.jpg,2025-03-26 22:06:54
/media/williancaddd/CODES/WORKSPACE-FIOTEC/eggs-count-algorithms/base-6,58,53,best-train2.pt,39.508138,paleta-291-58.jpg,2025-03-26 22:06:54
/media/williancaddd/CODES/WORKSPACE-FIOTEC/eggs-count-algorithms/base-6,59,60,best-train2.pt,40.408176,paleta-34-59.jpg,2025-03-26 22:06:54
/media/williancaddd/CODES/WORKSPACE-FIOTEC/eggs-count-algorithms/base-6,4,6,best-train2.pt,40.346483,paleta-352-4.jpg,2025-03-26 22:06:54
/media/williancaddd/CODES/WORKSPACE-FIOTEC/eggs-count-algorithms/base-6,108,69,best-train2.pt,40.244769,paleta-43-108.jpg,2025-03-26 22:06:54
/media/williancaddd/CODES/WORKSPACE-FIOTEC/eggs-count-algorithms/base-6,7,6,best-train2.pt,39.568182,paleta-51-7.jpg,2025-03-26 22:06:54
/media/williancaddd/CODES/WORKSPACE-FIOTEC/eggs-count-algorithms/base-6,15,20,best-train2.pt,39.949537,paleta-61-15.jpg,2025-03-26 22:06:54
/media/williancaddd/CODES/WORKSPACE-FIOTEC/eggs-count-algorithms/base-6,60,56,best-train2.pt,39.473921,paleta-78-60.jpg,2025-03-26 22:06:54
/media/williancaddd/CODES/WORKSPACE-FIOTEC/eggs-count-algorithms/base-7,112,132,best-train2.pt,39.890357,paleta-1-112.jpg,2025-03-26 22:15:31
/media/williancaddd/CODES/WORKSPACE-FIOTEC/eggs-count-algorithms/base-7,4,11,best-train2.pt,40.214968,paleta-10-4.jpg,2025-03-26 22:15:31
/media/williancaddd/CODES/WORKSPACE-FIOTEC/eggs-count-algorithms/base-7,47,76,best-train2.pt,38.310438,paleta-11-47.jpg,2025-03-26 22:15:31
/media/williancaddd/CODES/WORKSPACE-FIOTEC/eggs-count-algorithms/base-7,93,151,best-train2.pt,42.892416,paleta-12-93.jpg,2025-03-26 22:15:31
/media/williancaddd/CODES/WORKSPACE-FIOTEC/eggs-count-algorithms/base-7,129,140,best-train2.pt,39.412841,paleta-13-129.jpg,2025-03-26 22:15:31
/media/williancaddd/CODES/WORKSPACE-FIOTEC/eggs-count-algorithms/base-7,114,132,best-train2.pt,39.359715,paleta-14-114.jpg,2025-03-26 22:15:31
/media/williancaddd/CODES/WORKSPACE-FIOTEC/eggs-count-algorithms/base-7,15,21,best-train2.pt,39.971402,paleta-15-15.jpg,2025-03-26 22:15:31
/media/williancaddd/CODES/WORKSPACE-FIOTEC/eggs-count-algorithms/base-7,95,106,best-train2.pt,39.678832,paleta-16-95.jpg,2025-03-26 22:15:31
/media/williancaddd/CODES/WORKSPACE-FIOTEC/eggs-count-algorithms/base-7,24,33,best-train2.pt,39.541501,paleta-17-24.jpg,2025-03-26 22:15:31
/media/williancaddd/CODES/WORKSPACE-FIOTEC/eggs-count-algorithms/base-7,4,10,best-train2.pt,39.377445,paleta-2-4.jpg,2025-03-26 22:15:31
/media/williancaddd/CODES/WORKSPACE-FIOTEC/eggs-count-algorithms/base-7,20,47,best-train2.pt,39.836194,paleta-5-20.jpg,2025-03-26 22:15:31
/media/williancaddd/CODES/WORKSPACE-FIOTEC/eggs-count-algorithms/base-7,53,65,best-train2.pt,39.49637,paleta-7-53.jpg,2025-03-26 22:15:31
/media/williancaddd/CODES/WORKSPACE-FIOTEC/eggs-count-algorithms/base-7,13,17,best-train2.pt,38.363119,paleta-9-13.jpg,2025-03-26 22:15:31
/media/williancaddd/CODES/WORKSPACE-FIOTEC/eggs-count-algorithms/base-8,50,39,best-train2.pt,40.001502,paleta-110-50.jpg,2025-03-26 22:22:19
/media/williancaddd/CODES/WORKSPACE-FIOTEC/eggs-count-algorithms/base-8,29,15,best-train2.pt,38.995901,paleta-144-29.jpg,2025-03-26 22:22:19
/media/williancaddd/CODES/WORKSPACE-FIOTEC/eggs-count-algorithms/base-8,24,26,best-train2.pt,43.992327,paleta-177-24.jpg,2025-03-26 22:22:19
/media/williancaddd/CODES/WORKSPACE-FIOTEC/eggs-count-algorithms/base-8,136,160,best-train2.pt,37.371465,paleta-186-136.jpg,2025-03-26 22:22:19
/media/williancaddd/CODES/WORKSPACE-FIOTEC/eggs-count-algorithms/base-8,16,28,best-train2.pt,39.929585,paleta-282-16.jpg,2025-03-26 22:22:19
/media/williancaddd/CODES/WORKSPACE-FIOTEC/eggs-count-algorithms/base-8,18,24,best-train2.pt,39.093438,paleta-290-18.jpg,2025-03-26 22:22:19
/media/williancaddd/CODES/WORKSPACE-FIOTEC/eggs-count-algorithms/base-8,20,28,best-train2.pt,45.420925,paleta-329-20.jpg,2025-03-26 22:22:19
/media/williancaddd/CODES/WORKSPACE-FIOTEC/eggs-count-algorithms/base-8,12,24,best-train2.pt,44.091902,paleta-33-12.jpg,2025-03-26 22:22:19
/media/williancaddd/CODES/WORKSPACE-FIOTEC/eggs-count-algorithms/base-8,22,15,best-train2.pt,38.542769,paleta-37-22.jpg,2025-03-26 22:22:19
/media/williancaddd/CODES/WORKSPACE-FIOTEC/eggs-count-algorithms/base-8,55,57,best-train2.pt,39.228816,paleta-87-55.jpg,2025-03-26 22:22:19
/media/williancaddd/CODES/WORKSPACE-FIOTEC/eggs-count-algorithms/base-9,5,13,best-train2.pt,39.89774,paleta-140-5.jpg,2025-03-26 22:28:47
/media/williancaddd/CODES/WORKSPACE-FIOTEC/eggs-count-algorithms/base-9,4,14,best-train2.pt,37.376538,paleta-146-4.jpg,2025-03-26 22:28:47
/media/williancaddd/CODES/WORKSPACE-FIOTEC/eggs-count-algorithms/base-9,13,16,best-train2.pt,38.404211,paleta-165-13.jpg,2025-03-26 22:28:47
/media/williancaddd/CODES/WORKSPACE-FIOTEC/eggs-count-algorithms/base-9,1,3,best-train2.pt,38.867771,paleta-203-1.jpg,2025-03-26 22:28:47
/media/williancaddd/CODES/WORKSPACE-FIOTEC/eggs-count-algorithms/base-9,11,15,best-train2.pt,39.396752,paleta-210-11.jpg,2025-03-26 22:28:47
/media/williancaddd/CODES/WORKSPACE-FIOTEC/eggs-count-algorithms/base-9,3,3,best-train2.pt,38.894284,paleta-211-3.jpg,2025-03-26 22:28:47
/media/williancaddd/CODES/WORKSPACE-FIOTEC/eggs-count-algorithms/base-9,3,6,best-train2.pt,38.192815,paleta-268-3.jpg,2025-03-26 22:28:47
/media/williancaddd/CODES/WORKSPACE-FIOTEC/eggs-count-algorithms/base-9,8,13,best-train2.pt,39.241527,paleta-284-8.jpg,2025-03-26 22:28:47
/media/williancaddd/CODES/WORKSPACE-FIOTEC/eggs-count-algorithms/base-9,1,8,best-train2.pt,38.784658,paleta-285-1.jpg,2025-03-26 22:28:47
/media/williancaddd/CODES/WORKSPACE-FIOTEC/eggs-count-algorithms/base-9,9,32,best-train2.pt,37.511473,paleta-340-9.jpg,2025-03-26 22:28:47
/media/williancaddd/CODES/WORKSPACE-FIOTEC/eggs-count-algorithms/base-10,128,113,best-v1.pt,38.701421,paleta-10-128.jpg,2025-03-26 23:30:37
/media/williancaddd/CODES/WORKSPACE-FIOTEC/eggs-count-algorithms/base-10,12,9,best-v1.pt,32.451065,paleta-11-12.jpg,2025-03-26 23:30:37
/media/williancaddd/CODES/WORKSPACE-FIOTEC/eggs-count-algorithms/base-10,169,45,best-v1.pt,33.697877,paleta-11-169.jpg,2025-03-26 23:30:37
/media/williancaddd/CODES/WORKSPACE-FIOTEC/eggs-count-algorithms/base-10,10,11,best-v1.pt,35.311879,paleta-12-10.jpg,2025-03-26 23:30:37
/media/williancaddd/CODES/WORKSPACE-FIOTEC/eggs-count-algorithms/base-10,34,30,best-v1.pt,34.271353,paleta-12-34.jpg,2025-03-26 23:30:37
/media/williancaddd/CODES/WORKSPACE-FIOTEC/eggs-count-algorithms/base-10,89,72,best-v1.pt,35.937119,paleta-14-89.jpg,2025-03-26 23:30:37
/media/williancaddd/CODES/WORKSPACE-FIOTEC/eggs-count-algorithms/base-10,111,18,best-v1.pt,36.490658,paleta-15-111.jpg,2025-03-26 23:30:37
/media/williancaddd/CODES/WORKSPACE-FIOTEC/eggs-count-algorithms/base-10,172,188,best-v1.pt,35.708137,paleta-16-172.jpg,2025-03-26 23:30:37
/media/williancaddd/CODES/WORKSPACE-FIOTEC/eggs-count-algorithms/base-10,54,52,best-v1.pt,36.952285,paleta-17-54.jpg,2025-03-26 23:30:37
/media/williancaddd/CODES/WORKSPACE-FIOTEC/eggs-count-algorithms/base-10,90,74,best-v1.pt,34.163298,paleta-17-90.jpg,2025-03-26 23:30:37
/media/williancaddd/CODES/WORKSPACE-FIOTEC/eggs-count-algorithms/base-10,56,26,best-v1.pt,35.565374,paleta-3-56.jpg,2025-03-26 23:30:37
/media/williancaddd/CODES/WORKSPACE-FIOTEC/eggs-count-algorithms/base-10,34,15,best-v1.pt,35.446405,paleta-4-34.jpg,2025-03-26 23:30:37
/media/williancaddd/CODES/WORKSPACE-FIOTEC/eggs-count-algorithms/base-10,11,16,best-v1.pt,34.814838,paleta-5-11.jpg,2025-03-26 23:30:37
/media/williancaddd/CODES/WORKSPACE-FIOTEC/eggs-count-algorithms/base-10,27,19,best-v1.pt,34.878491,paleta-6-27.jpg,2025-03-26 23:30:37
/media/williancaddd/CODES/WORKSPACE-FIOTEC/eggs-count-algorithms/base-10,55,48,best-v1.pt,44.488547,paleta-6-55.jpg,2025-03-26 23:30:37
/media/williancaddd/CODES/WORKSPACE-FIOTEC/eggs-count-algorithms/base-10,89,106,best-v1.pt,35.924874,paleta-7-89.jpg,2025-03-26 23:30:37
/media/williancaddd/CODES/WORKSPACE-FIOTEC/eggs-count-algorithms/base-10,100,76,best-v1.pt,36.44673,paleta-8-100.jpg,2025-03-26 23:30:37
/media/williancaddd/CODES/WORKSPACE-FIOTEC/eggs-count-algorithms/base-10,64,40,best-v1.pt,36.125827,paleta-8-64.jpg,2025-03-26 23:30:37
/media/williancaddd/CODES/WORKSPACE-FIOTEC/eggs-count-algorithms/base-10,39,54,best-v1.pt,36.058382,paleta-9-39.jpg,2025-03-26 23:30:37
/media/williancaddd/CODES/WORKSPACE-FIOTEC/eggs-count-algorithms/base-10,82,37,best-v1.pt,37.372499,paleta-9-82.jpg,2025-03-26 23:30:37
/media/williancaddd/CODES/WORKSPACE-FIOTEC/eggs-count-algorithms/base-11,183,33,best-v1.pt,37.754354,paleta-43-183.jpg,2025-03-26 23:36:56
/media/williancaddd/CODES/WORKSPACE-FIOTEC/eggs-count-algorithms/base-11,50,32,best-v1.pt,41.571607,paleta-43-50.jpg,2025-03-26 23:36:56
/media/williancaddd/CODES/WORKSPACE-FIOTEC/eggs-count-algorithms/base-11,14,8,best-v1.pt,35.180153,paleta-46-14.jpg,2025-03-26 23:36:56
/media/williancaddd/CODES/WORKSPACE-FIOTEC/eggs-count-algorithms/base-11,102,68,best-v1.pt,37.265828,paleta-48-102.jpg,2025-03-26 23:36:56
/media/williancaddd/CODES/WORKSPACE-FIOTEC/eggs-count-algorithms/base-11,17,12,best-v1.pt,38.654583,paleta-48-17.jpg,2025-03-26 23:36:56
/media/williancaddd/CODES/WORKSPACE-FIOTEC/eggs-count-algorithms/base-11,242,149,best-v1.pt,37.143929,paleta-48-242.jpg,2025-03-26 23:36:56
/media/williancaddd/CODES/WORKSPACE-FIOTEC/eggs-count-algorithms/base-11,148,103,best-v1.pt,36.759493,paleta-49-148.jpg,2025-03-26 23:36:56
/media/williancaddd/CODES/WORKSPACE-FIOTEC/eggs-count-algorithms/base-11,257,189,best-v1.pt,37.475692,paleta-49-257.jpg,2025-03-26 23:36:56
/media/williancaddd/CODES/WORKSPACE-FIOTEC/eggs-count-algorithms/base-11,13,32,best-v1.pt,37.776636,paleta-50-13.jpg,2025-03-26 23:36:56
/media/williancaddd/CODES/WORKSPACE-FIOTEC/eggs-count-algorithms/base-11,30,9,best-v1.pt,37.784998,paleta-50-30.jpg,2025-03-26 23:36:56
/media/williancaddd/CODES/WORKSPACE-FIOTEC/eggs-count-algorithms/base-12,25,12,best-v1.pt,38.953094,paleta-1-25.jpg,2025-03-27 00:10:25
/media/williancaddd/CODES/WORKSPACE-FIOTEC/eggs-count-algorithms/base-12,103,30,best-v1.pt,36.37924,paleta-10-103.jpg,2025-03-27 00:10:25
/media/williancaddd/CODES/WORKSPACE-FIOTEC/eggs-count-algorithms/base-12,179,45,best-v1.pt,38.754718,paleta-10-179.jpg,2025-03-27 00:10:25
/media/williancaddd/CODES/WORKSPACE-FIOTEC/eggs-count-algorithms/base-12,56,12,best-v1.pt,44.054803,paleta-10-56.jpg,2025-03-27 00:10:25
/media/williancaddd/CODES/WORKSPACE-FIOTEC/eggs-count-algorithms/base-12,79,20,best-v1.pt,38.035292,paleta-10-79.jpg,2025-03-27 00:10:25
/media/williancaddd/CODES/WORKSPACE-FIOTEC/eggs-count-algorithms/base-12,148,58,best-v1.pt,39.628563,paleta-11-148.jpg,2025-03-27 00:10:25
/media/williancaddd/CODES/WORKSPACE-FIOTEC/eggs-count-algorithms/base-12,157,143,best-v1.pt,50.017821,paleta-11-157.jpg,2025-03-27 00:10:25
/media/williancaddd/CODES/WORKSPACE-FIOTEC/eggs-count-algorithms/base-12,178,42,best-v1.pt,41.541927,paleta-11-178.jpg,2025-03-27 00:10:25
/media/williancaddd/CODES/WORKSPACE-FIOTEC/eggs-count-algorithms/base-12,181,36,best-v1.pt,40.300478,paleta-12-181.jpg,2025-03-27 00:10:25
/media/williancaddd/CODES/WORKSPACE-FIOTEC/eggs-count-algorithms/base-12,19,16,best-v1.pt,41.763715,paleta-12-19.jpg,2025-03-27 00:10:25
/media/williancaddd/CODES/WORKSPACE-FIOTEC/eggs-count-algorithms/base-12,24,30,best-v1.pt,46.32978,paleta-12-24.jpg,2025-03-27 00:10:25
/media/williancaddd/CODES/WORKSPACE-FIOTEC/eggs-count-algorithms/base-12,41,11,best-v1.pt,46.81683,paleta-12-41.jpg,2025-03-27 00:10:25
/media/williancaddd/CODES/WORKSPACE-FIOTEC/eggs-count-algorithms/base-12,28,13,best-v1.pt,69.981287,paleta-13-28.jpg,2025-03-27 00:10:25
/media/williancaddd/CODES/WORKSPACE-FIOTEC/eggs-count-algorithms/base-12,31,18,best-v1.pt,42.062394,paleta-13-31.jpg,2025-03-27 00:10:25
/media/williancaddd/CODES/WORKSPACE-FIOTEC/eggs-count-algorithms/base-12,33,5,best-v1.pt,41.857832,paleta-13-33.jpg,2025-03-27 00:10:25
/media/williancaddd/CODES/WORKSPACE-FIOTEC/eggs-count-algorithms/base-12,82,80,best-v1.pt,41.554925,paleta-13-82.jpg,2025-03-27 00:10:25
/media/williancaddd/CODES/WORKSPACE-FIOTEC/eggs-count-algorithms/base-12,83,23,best-v1.pt,47.338341,paleta-13-83.jpg,2025-03-27 00:10:25
/media/williancaddd/CODES/WORKSPACE-FIOTEC/eggs-count-algorithms/base-12,54,60,best-v1.pt,45.192346,paleta-15-54.jpg,2025-03-27 00:10:25
/media/williancaddd/CODES/WORKSPACE-FIOTEC/eggs-count-algorithms/base-12,66,22,best-v1.pt,42.213147,paleta-15-66.jpg,2025-03-27 00:10:25
/media/williancaddd/CODES/WORKSPACE-FIOTEC/eggs-count-algorithms/base-12,92,31,best-v1.pt,42.386894,paleta-15-92.jpg,2025-03-27 00:10:25
/media/williancaddd/CODES/WORKSPACE-FIOTEC/eggs-count-algorithms/base-12,4,4,best-v1.pt,42.434708,paleta-16-4.jpg,2025-03-27 00:10:25
/media/williancaddd/CODES/WORKSPACE-FIOTEC/eggs-count-algorithms/base-12,21,28,best-v1.pt,45.215203,paleta-17-21.jpg,2025-03-27 00:10:25
/media/williancaddd/CODES/WORKSPACE-FIOTEC/eggs-count-algorithms/base-12,49,11,best-v1.pt,40.817076,paleta-17-49.jpg,2025-03-27 00:10:25
/media/williancaddd/CODES/WORKSPACE-FIOTEC/eggs-count-algorithms/base-12,8,16,best-v1.pt,40.75827,paleta-17-8.jpg,2025-03-27 00:10:25
/media/williancaddd/CODES/WORKSPACE-FIOTEC/eggs-count-algorithms/base-12,10,8,best-v1.pt,41.315652,paleta-2-10.jpg,2025-03-27 00:10:25
/media/williancaddd/CODES/WORKSPACE-FIOTEC/eggs-count-algorithms/base-12,2,9,best-v1.pt,46.1047,paleta-2-2.jpg,2025-03-27 00:10:25
/media/williancaddd/CODES/WORKSPACE-FIOTEC/eggs-count-algorithms/base-12,4,5,best-v1.pt,41.204147,paleta-2-4.jpg,2025-03-27 00:10:25
/media/williancaddd/CODES/WORKSPACE-FIOTEC/eggs-count-algorithms/base-12,37,37,best-v1.pt,44.490371,paleta-3-37.jpg,2025-03-27 00:10:25
/media/williancaddd/CODES/WORKSPACE-FIOTEC/eggs-count-algorithms/base-12,107,138,best-v1.pt,41.42307,paleta-4-107.jpg,2025-03-27 00:10:25
/media/williancaddd/CODES/WORKSPACE-FIOTEC/eggs-count-algorithms/base-12,11,21,best-v1.pt,54.607017,paleta-4-11.jpg,2025-03-27 00:10:25
/media/williancaddd/CODES/WORKSPACE-FIOTEC/eggs-count-algorithms/base-12,125,105,best-v1.pt,38.693532,paleta-4-125.jpg,2025-03-27 00:10:25
/media/williancaddd/CODES/WORKSPACE-FIOTEC/eggs-count-algorithms/base-12,158,115,best-v1.pt,37.732688,paleta-4-158.jpg,2025-03-27 00:10:25
/media/williancaddd/CODES/WORKSPACE-FIOTEC/eggs-count-algorithms/base-12,5,6,best-v1.pt,37.369514,paleta-4-5.jpg,2025-03-27 00:10:25
/media/williancaddd/CODES/WORKSPACE-FIOTEC/eggs-count-algorithms/base-12,13,8,best-v1.pt,37.189105,paleta-5-13.jpg,2025-03-27 00:10:25
/media/williancaddd/CODES/WORKSPACE-FIOTEC/eggs-count-algorithms/base-12,26,29,best-v1.pt,38.6706,paleta-5-26.jpg,2025-03-27 00:10:25
/media/williancaddd/CODES/WORKSPACE-FIOTEC/eggs-count-algorithms/base-12,28,14,best-v1.pt,38.71988,paleta-5-28.jpg,2025-03-27 00:10:25
/media/williancaddd/CODES/WORKSPACE-FIOTEC/eggs-count-algorithms/base-12,38,40,best-v1.pt,37.418491,paleta-6-38.jpg,2025-03-27 00:10:25
/media/williancaddd/CODES/WORKSPACE-FIOTEC/eggs-count-algorithms/base-12,65,8,best-v1.pt,43.28667,paleta-6-65.jpg,2025-03-27 00:10:25
/media/williancaddd/CODES/WORKSPACE-FIOTEC/eggs-count-algorithms/base-12,14,5,best-v1.pt,43.246863,paleta-7-14.jpg,2025-03-27 00:10:25
/media/williancaddd/CODES/WORKSPACE-FIOTEC/eggs-count-algorithms/base-12,32,8,best-v1.pt,38.964544,paleta-7-32.jpg,2025-03-27 00:10:25
/media/williancaddd/CODES/WORKSPACE-FIOTEC/eggs-count-algorithms/base-12,139,123,best-v1.pt,39.320206,paleta-8-139.jpg,2025-03-27 00:10:25
/media/williancaddd/CODES/WORKSPACE-FIOTEC/eggs-count-algorithms/base-12,146,33,best-v1.pt,40.564213,paleta-8-146.jpg,2025-03-27 00:10:25
/media/williancaddd/CODES/WORKSPACE-FIOTEC/eggs-count-algorithms/base-12,15,22,best-v1.pt,38.499232,paleta-8-15.jpg,2025-03-27 00:10:25
/media/williancaddd/CODES/WORKSPACE-FIOTEC/eggs-count-algorithms/base-12,25,32,best-v1.pt,47.140414,paleta-8-25.jpg,2025-03-27 00:10:25
/media/williancaddd/CODES/WORKSPACE-FIOTEC/eggs-count-algorithms/base-12,12,22,best-v1.pt,44.946073,paleta-9-12.jpg,2025-03-27 00:10:25
/media/williancaddd/CODES/WORKSPACE-FIOTEC/eggs-count-algorithms/base-12,137,267,best-v1.pt,44.949323,paleta-9-137.jpg,2025-03-27 00:10:25
/media/williancaddd/CODES/WORKSPACE-FIOTEC/eggs-count-algorithms/base-12,60,17,best-v1.pt,44.415024,paleta-9-60.jpg,2025-03-27 00:10:25
/media/williancaddd/CODES/WORKSPACE-FIOTEC/eggs-count-algorithms/base-4,41,38,best-v1.pt,40.035383,paleta-1-41.png,2025-03-27 00:16:13
/media/williancaddd/CODES/WORKSPACE-FIOTEC/eggs-count-algorithms/base-4,60,48,best-v1.pt,35.807333,paleta-2-60.png,2025-03-27 00:16:13
/media/williancaddd/CODES/WORKSPACE-FIOTEC/eggs-count-algorithms/base-4,18,43,best-v1.pt,35.51472,paleta-3-18.png,2025-03-27 00:16:13
/media/williancaddd/CODES/WORKSPACE-FIOTEC/eggs-count-algorithms/base-4,20,18,best-v1.pt,34.11369,paleta-4-20.png,2025-03-27 00:16:13
/media/williancaddd/CODES/WORKSPACE-FIOTEC/eggs-count-algorithms/base-4,108,65,best-v1.pt,43.920065,paleta-43-108.jpg,2025-03-27 00:16:13
/media/williancaddd/CODES/WORKSPACE-FIOTEC/eggs-count-algorithms/base-4,29,24,best-v1.pt,38.184442,paleta-5-29.png,2025-03-27 00:16:13
/media/williancaddd/CODES/WORKSPACE-FIOTEC/eggs-count-algorithms/base-4,12,12,best-v1.pt,39.305812,paleta-6-12.png,2025-03-27 00:16:13
/media/williancaddd/CODES/WORKSPACE-FIOTEC/eggs-count-algorithms/base-4,32,27,best-v1.pt,38.182629,paleta-7-32.png,2025-03-27 00:16:13
/media/williancaddd/CODES/WORKSPACE-FIOTEC/eggs-count-algorithms/base-4,0,15,best-v1.pt,39.297012,paleta-8-0.png,2025-03-27 00:16:13
/media/williancaddd/CODES/WORKSPACE-FIOTEC/eggs-count-algorithms/base-5,18,21,best-v1.pt,48.315063,paleta-14-18.jpg,2025-03-27 00:23:50
/media/williancaddd/CODES/WORKSPACE-FIOTEC/eggs-count-algorithms/base-5,103,37,best-v1.pt,48.578112,paleta-185-103.jpg,2025-03-27 00:23:50
/media/williancaddd/CODES/WORKSPACE-FIOTEC/eggs-count-algorithms/base-5,34,36,best-v1.pt,41.840803,paleta-191-34.jpg,2025-03-27 00:23:50
/media/williancaddd/CODES/WORKSPACE-FIOTEC/eggs-count-algorithms/base-5,46,44,best-v1.pt,48.159435,paleta-201-46.jpg,2025-03-27 00:23:50
/media/williancaddd/CODES/WORKSPACE-FIOTEC/eggs-count-algorithms/base-5,152,131,best-v1.pt,47.874965,paleta-228-152.jpg,2025-03-27 00:23:50
/media/williancaddd/CODES/WORKSPACE-FIOTEC/eggs-count-algorithms/base-5,47,35,best-v1.pt,43.517925,paleta-254-47.jpg,2025-03-27 00:23:50
/media/williancaddd/CODES/WORKSPACE-FIOTEC/eggs-count-algorithms/base-5,12,16,best-v1.pt,48.680699,paleta-256-12.jpg,2025-03-27 00:23:50
/media/williancaddd/CODES/WORKSPACE-FIOTEC/eggs-count-algorithms/base-5,16,18,best-v1.pt,43.88194,paleta-38-16.jpg,2025-03-27 00:23:50
/media/williancaddd/CODES/WORKSPACE-FIOTEC/eggs-count-algorithms/base-5,44,23,best-v1.pt,37.409787,paleta-404-44.jpg,2025-03-27 00:23:50
/media/williancaddd/CODES/WORKSPACE-FIOTEC/eggs-count-algorithms/base-5,8,3,best-v1.pt,47.373258,paleta-81-8.jpg,2025-03-27 00:23:50
/media/williancaddd/CODES/WORKSPACE-FIOTEC/eggs-count-algorithms/base-6,23,18,best-v1.pt,38.47576,paleta-067-23.jpg,2025-03-27 00:30:30
/media/williancaddd/CODES/WORKSPACE-FIOTEC/eggs-count-algorithms/base-6,41,38,best-v1.pt,39.301283,paleta-109-41.jpg,2025-03-27 00:30:30
/media/williancaddd/CODES/WORKSPACE-FIOTEC/eggs-count-algorithms/base-6,32,27,best-v1.pt,40.615667,paleta-187-32.jpg,2025-03-27 00:30:30
/media/williancaddd/CODES/WORKSPACE-FIOTEC/eggs-count-algorithms/base-6,58,48,best-v1.pt,40.159116,paleta-291-58.jpg,2025-03-27 00:30:30
/media/williancaddd/CODES/WORKSPACE-FIOTEC/eggs-count-algorithms/base-6,59,47,best-v1.pt,39.977577,paleta-34-59.jpg,2025-03-27 00:30:30
/media/williancaddd/CODES/WORKSPACE-FIOTEC/eggs-count-algorithms/base-6,4,6,best-v1.pt,40.272883,paleta-352-4.jpg,2025-03-27 00:30:30
/media/williancaddd/CODES/WORKSPACE-FIOTEC/eggs-count-algorithms/base-6,108,48,best-v1.pt,40.261541,paleta-43-108.jpg,2025-03-27 00:30:30
/media/williancaddd/CODES/WORKSPACE-FIOTEC/eggs-count-algorithms/base-6,7,5,best-v1.pt,40.06029,paleta-51-7.jpg,2025-03-27 00:30:30
/media/williancaddd/CODES/WORKSPACE-FIOTEC/eggs-count-algorithms/base-6,15,15,best-v1.pt,39.761021,paleta-61-15.jpg,2025-03-27 00:30:30
/media/williancaddd/CODES/WORKSPACE-FIOTEC/eggs-count-algorithms/base-6,60,44,best-v1.pt,40.151731,paleta-78-60.jpg,2025-03-27 00:30:30
/media/williancaddd/CODES/WORKSPACE-FIOTEC/eggs-count-algorithms/base-7,112,94,best-v1.pt,40.293711,paleta-1-112.jpg,2025-03-27 00:39:13
/media/williancaddd/CODES/WORKSPACE-FIOTEC/eggs-count-algorithms/base-7,4,8,best-v1.pt,40.393174,paleta-10-4.jpg,2025-03-27 00:39:13
/media/williancaddd/CODES/WORKSPACE-FIOTEC/eggs-count-algorithms/base-7,47,49,best-v1.pt,38.766973,paleta-11-47.jpg,2025-03-27 00:39:13
/media/williancaddd/CODES/WORKSPACE-FIOTEC/eggs-count-algorithms/base-7,93,118,best-v1.pt,43.161514,paleta-12-93.jpg,2025-03-27 00:39:13
/media/williancaddd/CODES/WORKSPACE-FIOTEC/eggs-count-algorithms/base-7,129,103,best-v1.pt,40.317169,paleta-13-129.jpg,2025-03-27 00:39:13
/media/williancaddd/CODES/WORKSPACE-FIOTEC/eggs-count-algorithms/base-7,114,127,best-v1.pt,39.942962,paleta-14-114.jpg,2025-03-27 00:39:13
/media/williancaddd/CODES/WORKSPACE-FIOTEC/eggs-count-algorithms/base-7,15,16,best-v1.pt,39.846639,paleta-15-15.jpg,2025-03-27 00:39:13
/media/williancaddd/CODES/WORKSPACE-FIOTEC/eggs-count-algorithms/base-7,95,82,best-v1.pt,40.407262,paleta-16-95.jpg,2025-03-27 00:39:13
/media/williancaddd/CODES/WORKSPACE-FIOTEC/eggs-count-algorithms/base-7,24,16,best-v1.pt,40.57026,paleta-17-24.jpg,2025-03-27 00:39:13
/media/williancaddd/CODES/WORKSPACE-FIOTEC/eggs-count-algorithms/base-7,4,5,best-v1.pt,39.702688,paleta-2-4.jpg,2025-03-27 00:39:13
/media/williancaddd/CODES/WORKSPACE-FIOTEC/eggs-count-algorithms/base-7,20,27,best-v1.pt,39.628744,paleta-5-20.jpg,2025-03-27 00:39:13
/media/williancaddd/CODES/WORKSPACE-FIOTEC/eggs-count-algorithms/base-7,53,52,best-v1.pt,40.653428,paleta-7-53.jpg,2025-03-27 00:39:13
/media/williancaddd/CODES/WORKSPACE-FIOTEC/eggs-count-algorithms/base-7,13,13,best-v1.pt,38.404058,paleta-9-13.jpg,2025-03-27 00:39:13
/media/williancaddd/CODES/WORKSPACE-FIOTEC/eggs-count-algorithms/base-8,50,19,best-v1.pt,39.942034,paleta-110-50.jpg,2025-03-27 00:46:05
/media/williancaddd/CODES/WORKSPACE-FIOTEC/eggs-count-algorithms/base-8,29,10,best-v1.pt,39.174545,paleta-144-29.jpg,2025-03-27 00:46:05
/media/williancaddd/CODES/WORKSPACE-FIOTEC/eggs-count-algorithms/base-8,24,34,best-v1.pt,44.053327,paleta-177-24.jpg,2025-03-27 00:46:05
/media/williancaddd/CODES/WORKSPACE-FIOTEC/eggs-count-algorithms/base-8,136,112,best-v1.pt,38.512568,paleta-186-136.jpg,2025-03-27 00:46:05
/media/williancaddd/CODES/WORKSPACE-FIOTEC/eggs-count-algorithms/base-8,16,19,best-v1.pt,40.193708,paleta-282-16.jpg,2025-03-27 00:46:05
/media/williancaddd/CODES/WORKSPACE-FIOTEC/eggs-count-algorithms/base-8,18,14,best-v1.pt,39.262401,paleta-290-18.jpg,2025-03-27 00:46:05
/media/williancaddd/CODES/WORKSPACE-FIOTEC/eggs-count-algorithms/base-8,20,20,best-v1.pt,45.538137,paleta-329-20.jpg,2025-03-27 00:46:05
/media/williancaddd/CODES/WORKSPACE-FIOTEC/eggs-count-algorithms/base-8,12,6,best-v1.pt,44.749191,paleta-33-12.jpg,2025-03-27 00:46:05
/media/williancaddd/CODES/WORKSPACE-FIOTEC/eggs-count-algorithms/base-8,22,9,best-v1.pt,39.185807,paleta-37-22.jpg,2025-03-27 00:46:05
/media/williancaddd/CODES/WORKSPACE-FIOTEC/eggs-count-algorithms/base-8,55,42,best-v1.pt,40.07664,paleta-87-55.jpg,2025-03-27 00:46:05
/media/williancaddd/CODES/WORKSPACE-FIOTEC/eggs-count-algorithms/base-9,5,7,best-v1.pt,39.763738,paleta-140-5.jpg,2025-03-27 00:52:37
/media/williancaddd/CODES/WORKSPACE-FIOTEC/eggs-count-algorithms/base-9,4,4,best-v1.pt,38.52533,paleta-146-4.jpg,2025-03-27 00:52:37
/media/williancaddd/CODES/WORKSPACE-FIOTEC/eggs-count-algorithms/base-9,13,8,best-v1.pt,39.814667,paleta-165-13.jpg,2025-03-27 00:52:37
/media/williancaddd/CODES/WORKSPACE-FIOTEC/eggs-count-algorithms/base-9,1,0,best-v1.pt,39.480303,paleta-203-1.jpg,2025-03-27 00:52:37
/media/williancaddd/CODES/WORKSPACE-FIOTEC/eggs-count-algorithms/base-9,11,9,best-v1.pt,39.292083,paleta-210-11.jpg,2025-03-27 00:52:37
/media/williancaddd/CODES/WORKSPACE-FIOTEC/eggs-count-algorithms/base-9,3,2,best-v1.pt,39.610715,paleta-211-3.jpg,2025-03-27 00:52:37
/media/williancaddd/CODES/WORKSPACE-FIOTEC/eggs-count-algorithms/base-9,3,3,best-v1.pt,37.887992,paleta-268-3.jpg,2025-03-27 00:52:37
/media/williancaddd/CODES/WORKSPACE-FIOTEC/eggs-count-algorithms/base-9,8,8,best-v1.pt,39.492779,paleta-284-8.jpg,2025-03-27 00:52:37
/media/williancaddd/CODES/WORKSPACE-FIOTEC/eggs-count-algorithms/base-9,1,2,best-v1.pt,39.33911,paleta-285-1.jpg,2025-03-27 00:52:37
/media/williancaddd/CODES/WORKSPACE-FIOTEC/eggs-count-algorithms/base-9,9,15,best-v1.pt,38.045966,paleta-340-9.jpg,2025-03-27 00:52:37
/media/williancaddd/CODES/WORKSPACE-FIOTEC/eggs-count-algorithms/base-10,128,126,best-balanceado.pt,40.824737,paleta-10-128.jpg,2025-04-11 19:59:14
/media/williancaddd/CODES/WORKSPACE-FIOTEC/eggs-count-algorithms/base-10,12,14,best-balanceado.pt,35.043986,paleta-11-12.jpg,2025-04-11 19:59:14
/media/williancaddd/CODES/WORKSPACE-FIOTEC/eggs-count-algorithms/base-10,169,226,best-balanceado.pt,35.176763,paleta-11-169.jpg,2025-04-11 19:59:14
/media/williancaddd/CODES/WORKSPACE-FIOTEC/eggs-count-algorithms/base-10,10,16,best-balanceado.pt,35.150357,paleta-12-10.jpg,2025-04-11 19:59:14
/media/williancaddd/CODES/WORKSPACE-FIOTEC/eggs-count-algorithms/base-10,34,32,best-balanceado.pt,34.057462,paleta-12-34.jpg,2025-04-11 19:59:14
/media/williancaddd/CODES/WORKSPACE-FIOTEC/eggs-count-algorithms/base-10,89,86,best-balanceado.pt,35.05598,paleta-14-89.jpg,2025-04-11 19:59:14
/media/williancaddd/CODES/WORKSPACE-FIOTEC/eggs-count-algorithms/base-10,111,118,best-balanceado.pt,34.958936,paleta-15-111.jpg,2025-04-11 19:59:14
/media/williancaddd/CODES/WORKSPACE-FIOTEC/eggs-count-algorithms/base-10,172,190,best-balanceado.pt,33.946288,paleta-16-172.jpg,2025-04-11 19:59:14
/media/williancaddd/CODES/WORKSPACE-FIOTEC/eggs-count-algorithms/base-10,54,47,best-balanceado.pt,35.071417,paleta-17-54.jpg,2025-04-11 19:59:14
/media/williancaddd/CODES/WORKSPACE-FIOTEC/eggs-count-algorithms/base-10,90,89,best-balanceado.pt,33.69836,paleta-17-90.jpg,2025-04-11 19:59:14
/media/williancaddd/CODES/WORKSPACE-FIOTEC/eggs-count-algorithms/base-10,56,52,best-balanceado.pt,34.874267,paleta-3-56.jpg,2025-04-11 19:59:14
/media/williancaddd/CODES/WORKSPACE-FIOTEC/eggs-count-algorithms/base-10,34,62,best-balanceado.pt,35.065207,paleta-4-34.jpg,2025-04-11 19:59:14
/media/williancaddd/CODES/WORKSPACE-FIOTEC/eggs-count-algorithms/base-10,11,13,best-balanceado.pt,33.333871,paleta-5-11.jpg,2025-04-11 19:59:14
/media/williancaddd/CODES/WORKSPACE-FIOTEC/eggs-count-algorithms/base-10,27,32,best-balanceado.pt,33.066977,paleta-6-27.jpg,2025-04-11 19:59:14
/media/williancaddd/CODES/WORKSPACE-FIOTEC/eggs-count-algorithms/base-10,55,62,best-balanceado.pt,41.754966,paleta-6-55.jpg,2025-04-11 19:59:14
/media/williancaddd/CODES/WORKSPACE-FIOTEC/eggs-count-algorithms/base-10,89,110,best-balanceado.pt,34.415436,paleta-7-89.jpg,2025-04-11 19:59:14
/media/williancaddd/CODES/WORKSPACE-FIOTEC/eggs-count-algorithms/base-10,100,104,best-balanceado.pt,34.47114,paleta-8-100.jpg,2025-04-11 19:59:14
/media/williancaddd/CODES/WORKSPACE-FIOTEC/eggs-count-algorithms/base-10,64,94,best-balanceado.pt,33.004032,paleta-8-64.jpg,2025-04-11 19:59:14
/media/williancaddd/CODES/WORKSPACE-FIOTEC/eggs-count-algorithms/base-10,39,45,best-balanceado.pt,32.792919,paleta-9-39.jpg,2025-04-11 19:59:14
/media/williancaddd/CODES/WORKSPACE-FIOTEC/eggs-count-algorithms/base-10,82,115,best-balanceado.pt,34.243965,paleta-9-82.jpg,2025-04-11 19:59:14
/media/williancaddd/CODES/WORKSPACE-FIOTEC/eggs-count-algorithms/base-11,183,145,best-balanceado.pt,34.336384,paleta-43-183.jpg,2025-04-11 20:04:55
/media/williancaddd/CODES/WORKSPACE-FIOTEC/eggs-count-algorithms/base-11,50,30,best-balanceado.pt,38.089996,paleta-43-50.jpg,2025-04-11 20:04:55
/media/williancaddd/CODES/WORKSPACE-FIOTEC/eggs-count-algorithms/base-11,14,9,best-balanceado.pt,32.712446,paleta-46-14.jpg,2025-04-11 20:04:55
/media/williancaddd/CODES/WORKSPACE-FIOTEC/eggs-count-algorithms/base-11,102,92,best-balanceado.pt,33.988159,paleta-48-102.jpg,2025-04-11 20:04:55
/media/williancaddd/CODES/WORKSPACE-FIOTEC/eggs-count-algorithms/base-11,17,13,best-balanceado.pt,34.17779,paleta-48-17.jpg,2025-04-11 20:04:55
/media/williancaddd/CODES/WORKSPACE-FIOTEC/eggs-count-algorithms/base-11,242,192,best-balanceado.pt,33.330874,paleta-48-242.jpg,2025-04-11 20:04:55
/media/williancaddd/CODES/WORKSPACE-FIOTEC/eggs-count-algorithms/base-11,148,112,best-balanceado.pt,33.072835,paleta-49-148.jpg,2025-04-11 20:04:55
/media/williancaddd/CODES/WORKSPACE-FIOTEC/eggs-count-algorithms/base-11,257,193,best-balanceado.pt,33.063352,paleta-49-257.jpg,2025-04-11 20:04:55
/media/williancaddd/CODES/WORKSPACE-FIOTEC/eggs-count-algorithms/base-11,13,33,best-balanceado.pt,32.99797,paleta-50-13.jpg,2025-04-11 20:04:55
/media/williancaddd/CODES/WORKSPACE-FIOTEC/eggs-count-algorithms/base-11,30,44,best-balanceado.pt,33.985563,paleta-50-30.jpg,2025-04-11 20:04:55
/media/williancaddd/CODES/WORKSPACE-FIOTEC/eggs-count-algorithms/base-12,25,62,best-balanceado.pt,34.197623,paleta-1-25.jpg,2025-04-11 20:32:52
/media/williancaddd/CODES/WORKSPACE-FIOTEC/eggs-count-algorithms/base-12,103,128,best-balanceado.pt,34.157769,paleta-10-103.jpg,2025-04-11 20:32:52
/media/williancaddd/CODES/WORKSPACE-FIOTEC/eggs-count-algorithms/base-12,179,149,best-balanceado.pt,34.026789,paleta-10-179.jpg,2025-04-11 20:32:52
/media/williancaddd/CODES/WORKSPACE-FIOTEC/eggs-count-algorithms/base-12,56,65,best-balanceado.pt,37.52576,paleta-10-56.jpg,2025-04-11 20:32:52
/media/williancaddd/CODES/WORKSPACE-FIOTEC/eggs-count-algorithms/base-12,79,83,best-balanceado.pt,34.397367,paleta-10-79.jpg,2025-04-11 20:32:52
/media/williancaddd/CODES/WORKSPACE-FIOTEC/eggs-count-algorithms/base-12,148,184,best-balanceado.pt,33.939927,paleta-11-148.jpg,2025-04-11 20:32:52
/media/williancaddd/CODES/WORKSPACE-FIOTEC/eggs-count-algorithms/base-12,157,190,best-balanceado.pt,41.676549,paleta-11-157.jpg,2025-04-11 20:32:52
/media/williancaddd/CODES/WORKSPACE-FIOTEC/eggs-count-algorithms/base-12,178,158,best-balanceado.pt,33.639516,paleta-11-178.jpg,2025-04-11 20:32:52
/media/williancaddd/CODES/WORKSPACE-FIOTEC/eggs-count-algorithms/base-12,181,151,best-balanceado.pt,33.20275,paleta-12-181.jpg,2025-04-11 20:32:52
/media/williancaddd/CODES/WORKSPACE-FIOTEC/eggs-count-algorithms/base-12,19,29,best-balanceado.pt,34.116002,paleta-12-19.jpg,2025-04-11 20:32:52
/media/williancaddd/CODES/WORKSPACE-FIOTEC/eggs-count-algorithms/base-12,24,32,best-balanceado.pt,37.953486,paleta-12-24.jpg,2025-04-11 20:32:52
/media/williancaddd/CODES/WORKSPACE-FIOTEC/eggs-count-algorithms/base-12,41,59,best-balanceado.pt,37.693245,paleta-12-41.jpg,2025-04-11 20:32:52
/media/williancaddd/CODES/WORKSPACE-FIOTEC/eggs-count-algorithms/base-12,28,30,best-balanceado.pt,56.676285,paleta-13-28.jpg,2025-04-11 20:32:52
/media/williancaddd/CODES/WORKSPACE-FIOTEC/eggs-count-algorithms/base-12,31,64,best-balanceado.pt,34.538987,paleta-13-31.jpg,2025-04-11 20:32:52
/media/williancaddd/CODES/WORKSPACE-FIOTEC/eggs-count-algorithms/base-12,33,37,best-balanceado.pt,33.9827,paleta-13-33.jpg,2025-04-11 20:32:52
/media/williancaddd/CODES/WORKSPACE-FIOTEC/eggs-count-algorithms/base-12,82,94,best-balanceado.pt,33.760616,paleta-13-82.jpg,2025-04-11 20:32:52
/media/williancaddd/CODES/WORKSPACE-FIOTEC/eggs-count-algorithms/base-12,83,80,best-balanceado.pt,37.872716,paleta-13-83.jpg,2025-04-11 20:32:52
/media/williancaddd/CODES/WORKSPACE-FIOTEC/eggs-count-algorithms/base-12,54,68,best-balanceado.pt,36.634588,paleta-15-54.jpg,2025-04-11 20:32:52
/media/williancaddd/CODES/WORKSPACE-FIOTEC/eggs-count-algorithms/base-12,66,86,best-balanceado.pt,34.232271,paleta-15-66.jpg,2025-04-11 20:32:52
/media/williancaddd/CODES/WORKSPACE-FIOTEC/eggs-count-algorithms/base-12,92,112,best-balanceado.pt,34.12739,paleta-15-92.jpg,2025-04-11 20:32:52
/media/williancaddd/CODES/WORKSPACE-FIOTEC/eggs-count-algorithms/base-12,4,15,best-balanceado.pt,34.176413,paleta-16-4.jpg,2025-04-11 20:32:52
/media/williancaddd/CODES/WORKSPACE-FIOTEC/eggs-count-algorithms/base-12,21,34,best-balanceado.pt,36.423008,paleta-17-21.jpg,2025-04-11 20:32:52
/media/williancaddd/CODES/WORKSPACE-FIOTEC/eggs-count-algorithms/base-12,49,51,best-balanceado.pt,32.715581,paleta-17-49.jpg,2025-04-11 20:32:52
/media/williancaddd/CODES/WORKSPACE-FIOTEC/eggs-count-algorithms/base-12,8,15,best-balanceado.pt,32.948167,paleta-17-8.jpg,2025-04-11 20:32:52
/media/williancaddd/CODES/WORKSPACE-FIOTEC/eggs-count-algorithms/base-12,10,18,best-balanceado.pt,33.886961,paleta-2-10.jpg,2025-04-11 20:32:52
/media/williancaddd/CODES/WORKSPACE-FIOTEC/eggs-count-algorithms/base-12,2,13,best-balanceado.pt,37.617332,paleta-2-2.jpg,2025-04-11 20:32:52
/media/williancaddd/CODES/WORKSPACE-FIOTEC/eggs-count-algorithms/base-12,4,14,best-balanceado.pt,33.852343,paleta-2-4.jpg,2025-04-11 20:32:52
/media/williancaddd/CODES/WORKSPACE-FIOTEC/eggs-count-algorithms/base-12,37,46,best-balanceado.pt,35.975808,paleta-3-37.jpg,2025-04-11 20:32:52
/media/williancaddd/CODES/WORKSPACE-FIOTEC/eggs-count-algorithms/base-12,107,138,best-balanceado.pt,34.190195,paleta-4-107.jpg,2025-04-11 20:32:52
/media/williancaddd/CODES/WORKSPACE-FIOTEC/eggs-count-algorithms/base-12,11,25,best-balanceado.pt,37.941219,paleta-4-11.jpg,2025-04-11 20:32:52
/media/williancaddd/CODES/WORKSPACE-FIOTEC/eggs-count-algorithms/base-12,125,126,best-balanceado.pt,33.618527,paleta-4-125.jpg,2025-04-11 20:32:52
/media/williancaddd/CODES/WORKSPACE-FIOTEC/eggs-count-algorithms/base-12,158,150,best-balanceado.pt,32.763643,paleta-4-158.jpg,2025-04-11 20:32:52
/media/williancaddd/CODES/WORKSPACE-FIOTEC/eggs-count-algorithms/base-12,5,11,best-balanceado.pt,32.79496,paleta-4-5.jpg,2025-04-11 20:32:52
/media/williancaddd/CODES/WORKSPACE-FIOTEC/eggs-count-algorithms/base-12,13,23,best-balanceado.pt,32.864039,paleta-5-13.jpg,2025-04-11 20:32:52
/media/williancaddd/CODES/WORKSPACE-FIOTEC/eggs-count-algorithms/base-12,26,66,best-balanceado.pt,33.958429,paleta-5-26.jpg,2025-04-11 20:32:52
/media/williancaddd/CODES/WORKSPACE-FIOTEC/eggs-count-algorithms/base-12,28,55,best-balanceado.pt,34.131973,paleta-5-28.jpg,2025-04-11 20:32:52
/media/williancaddd/CODES/WORKSPACE-FIOTEC/eggs-count-algorithms/base-12,38,44,best-balanceado.pt,32.346469,paleta-6-38.jpg,2025-04-11 20:32:52
/media/williancaddd/CODES/WORKSPACE-FIOTEC/eggs-count-algorithms/base-12,65,76,best-balanceado.pt,37.651118,paleta-6-65.jpg,2025-04-11 20:32:52
/media/williancaddd/CODES/WORKSPACE-FIOTEC/eggs-count-algorithms/base-12,14,34,best-balanceado.pt,37.534098,paleta-7-14.jpg,2025-04-11 20:32:52
/media/williancaddd/CODES/WORKSPACE-FIOTEC/eggs-count-algorithms/base-12,32,49,best-balanceado.pt,33.613393,paleta-7-32.jpg,2025-04-11 20:32:52
/media/williancaddd/CODES/WORKSPACE-FIOTEC/eggs-count-algorithms/base-12,139,143,best-balanceado.pt,33.886256,paleta-8-139.jpg,2025-04-11 20:32:52
/media/williancaddd/CODES/WORKSPACE-FIOTEC/eggs-count-algorithms/base-12,146,172,best-balanceado.pt,34.113456,paleta-8-146.jpg,2025-04-11 20:32:52
/media/williancaddd/CODES/WORKSPACE-FIOTEC/eggs-count-algorithms/base-12,15,19,best-balanceado.pt,32.818349,paleta-8-15.jpg,2025-04-11 20:32:52
/media/williancaddd/CODES/WORKSPACE-FIOTEC/eggs-count-algorithms/base-12,25,27,best-balanceado.pt,39.636232,paleta-8-25.jpg,2025-04-11 20:32:52
/media/williancaddd/CODES/WORKSPACE-FIOTEC/eggs-count-algorithms/base-12,12,18,best-balanceado.pt,37.814989,paleta-9-12.jpg,2025-04-11 20:32:52
/media/williancaddd/CODES/WORKSPACE-FIOTEC/eggs-count-algorithms/base-12,137,327,best-balanceado.pt,37.674894,paleta-9-137.jpg,2025-04-11 20:32:52
/media/williancaddd/CODES/WORKSPACE-FIOTEC/eggs-count-algorithms/base-12,60,77,best-balanceado.pt,37.755383,paleta-9-60.jpg,2025-04-11 20:32:52
/media/williancaddd/CODES/WORKSPACE-FIOTEC/eggs-count-algorithms/base-4,41,41,best-balanceado.pt,33.728566,paleta-1-41.png,2025-04-11 20:37:50
/media/williancaddd/CODES/WORKSPACE-FIOTEC/eggs-count-algorithms/base-4,60,45,best-balanceado.pt,30.328441,paleta-2-60.png,2025-04-11 20:37:50
/media/williancaddd/CODES/WORKSPACE-FIOTEC/eggs-count-algorithms/base-4,18,57,best-balanceado.pt,30.214759,paleta-3-18.png,2025-04-11 20:37:50
/media/williancaddd/CODES/WORKSPACE-FIOTEC/eggs-count-algorithms/base-4,20,36,best-balanceado.pt,29.183465,paleta-4-20.png,2025-04-11 20:37:50
/media/williancaddd/CODES/WORKSPACE-FIOTEC/eggs-count-algorithms/base-4,108,71,best-balanceado.pt,37.357692,paleta-43-108.jpg,2025-04-11 20:37:50
/media/williancaddd/CODES/WORKSPACE-FIOTEC/eggs-count-algorithms/base-4,29,22,best-balanceado.pt,32.533678,paleta-5-29.png,2025-04-11 20:37:50
/media/williancaddd/CODES/WORKSPACE-FIOTEC/eggs-count-algorithms/base-4,12,14,best-balanceado.pt,34.212158,paleta-6-12.png,2025-04-11 20:37:50
/media/williancaddd/CODES/WORKSPACE-FIOTEC/eggs-count-algorithms/base-4,32,32,best-balanceado.pt,32.782969,paleta-7-32.png,2025-04-11 20:37:50
/media/williancaddd/CODES/WORKSPACE-FIOTEC/eggs-count-algorithms/base-4,0,16,best-balanceado.pt,34.133296,paleta-8-0.png,2025-04-11 20:37:50
/media/williancaddd/CODES/WORKSPACE-FIOTEC/eggs-count-algorithms/base-5,18,18,best-balanceado.pt,41.311497,paleta-14-18.jpg,2025-04-11 20:44:26
/media/williancaddd/CODES/WORKSPACE-FIOTEC/eggs-count-algorithms/base-5,103,42,best-balanceado.pt,41.564589,paleta-185-103.jpg,2025-04-11 20:44:26
/media/williancaddd/CODES/WORKSPACE-FIOTEC/eggs-count-algorithms/base-5,34,47,best-balanceado.pt,36.218342,paleta-191-34.jpg,2025-04-11 20:44:26
/media/williancaddd/CODES/WORKSPACE-FIOTEC/eggs-count-algorithms/base-5,46,48,best-balanceado.pt,41.50432,paleta-201-46.jpg,2025-04-11 20:44:26
/media/williancaddd/CODES/WORKSPACE-FIOTEC/eggs-count-algorithms/base-5,152,137,best-balanceado.pt,41.524587,paleta-228-152.jpg,2025-04-11 20:44:26
/media/williancaddd/CODES/WORKSPACE-FIOTEC/eggs-count-algorithms/base-5,47,45,best-balanceado.pt,37.921235,paleta-254-47.jpg,2025-04-11 20:44:26
/media/williancaddd/CODES/WORKSPACE-FIOTEC/eggs-count-algorithms/base-5,12,9,best-balanceado.pt,40.688699,paleta-256-12.jpg,2025-04-11 20:44:26
/media/williancaddd/CODES/WORKSPACE-FIOTEC/eggs-count-algorithms/base-5,16,16,best-balanceado.pt,37.802658,paleta-38-16.jpg,2025-04-11 20:44:26
/media/williancaddd/CODES/WORKSPACE-FIOTEC/eggs-count-algorithms/base-5,44,29,best-balanceado.pt,32.940627,paleta-404-44.jpg,2025-04-11 20:44:26
/media/williancaddd/CODES/WORKSPACE-FIOTEC/eggs-count-algorithms/base-5,8,5,best-balanceado.pt,43.347781,paleta-81-8.jpg,2025-04-11 20:44:26
/media/williancaddd/CODES/WORKSPACE-FIOTEC/eggs-count-algorithms/base-6,23,14,best-balanceado.pt,34.758178,paleta-067-23.jpg,2025-04-11 20:50:18
/media/williancaddd/CODES/WORKSPACE-FIOTEC/eggs-count-algorithms/base-6,41,39,best-balanceado.pt,34.901825,paleta-109-41.jpg,2025-04-11 20:50:18
/media/williancaddd/CODES/WORKSPACE-FIOTEC/eggs-count-algorithms/base-6,32,29,best-balanceado.pt,35.696808,paleta-187-32.jpg,2025-04-11 20:50:18
/media/williancaddd/CODES/WORKSPACE-FIOTEC/eggs-count-algorithms/base-6,58,39,best-balanceado.pt,35.782061,paleta-291-58.jpg,2025-04-11 20:50:18
/media/williancaddd/CODES/WORKSPACE-FIOTEC/eggs-count-algorithms/base-6,59,47,best-balanceado.pt,36.134626,paleta-34-59.jpg,2025-04-11 20:50:18
/media/williancaddd/CODES/WORKSPACE-FIOTEC/eggs-count-algorithms/base-6,4,3,best-balanceado.pt,34.269764,paleta-352-4.jpg,2025-04-11 20:50:18
/media/williancaddd/CODES/WORKSPACE-FIOTEC/eggs-count-algorithms/base-6,108,51,best-balanceado.pt,35.420747,paleta-43-108.jpg,2025-04-11 20:50:18
/media/williancaddd/CODES/WORKSPACE-FIOTEC/eggs-count-algorithms/base-6,7,3,best-balanceado.pt,35.301114,paleta-51-7.jpg,2025-04-11 20:50:18
/media/williancaddd/CODES/WORKSPACE-FIOTEC/eggs-count-algorithms/base-6,15,14,best-balanceado.pt,34.757317,paleta-61-15.jpg,2025-04-11 20:50:18
/media/williancaddd/CODES/WORKSPACE-FIOTEC/eggs-count-algorithms/base-6,60,49,best-balanceado.pt,34.511122,paleta-78-60.jpg,2025-04-11 20:50:18
/media/williancaddd/CODES/WORKSPACE-FIOTEC/eggs-count-algorithms/base-7,112,130,best-balanceado.pt,35.083043,paleta-1-112.jpg,2025-04-11 20:57:47
/media/williancaddd/CODES/WORKSPACE-FIOTEC/eggs-count-algorithms/base-7,4,8,best-balanceado.pt,34.531057,paleta-10-4.jpg,2025-04-11 20:57:47
/media/williancaddd/CODES/WORKSPACE-FIOTEC/eggs-count-algorithms/base-7,47,74,best-balanceado.pt,33.433062,paleta-11-47.jpg,2025-04-11 20:57:47
/media/williancaddd/CODES/WORKSPACE-FIOTEC/eggs-count-algorithms/base-7,93,142,best-balanceado.pt,37.099156,paleta-12-93.jpg,2025-04-11 20:57:47
/media/williancaddd/CODES/WORKSPACE-FIOTEC/eggs-count-algorithms/base-7,129,150,best-balanceado.pt,34.905148,paleta-13-129.jpg,2025-04-11 20:57:47
/media/williancaddd/CODES/WORKSPACE-FIOTEC/eggs-count-algorithms/base-7,114,128,best-balanceado.pt,35.059486,paleta-14-114.jpg,2025-04-11 20:57:47
/media/williancaddd/CODES/WORKSPACE-FIOTEC/eggs-count-algorithms/base-7,15,21,best-balanceado.pt,34.746711,paleta-15-15.jpg,2025-04-11 20:57:47
/media/williancaddd/CODES/WORKSPACE-FIOTEC/eggs-count-algorithms/base-7,95,113,best-balanceado.pt,33.763075,paleta-16-95.jpg,2025-04-11 20:57:47
/media/williancaddd/CODES/WORKSPACE-FIOTEC/eggs-count-algorithms/base-7,24,32,best-balanceado.pt,33.826103,paleta-17-24.jpg,2025-04-11 20:57:47
/media/williancaddd/CODES/WORKSPACE-FIOTEC/eggs-count-algorithms/base-7,4,11,best-balanceado.pt,34.207975,paleta-2-4.jpg,2025-04-11 20:57:47
/media/williancaddd/CODES/WORKSPACE-FIOTEC/eggs-count-algorithms/base-7,20,31,best-balanceado.pt,33.736851,paleta-5-20.jpg,2025-04-11 20:57:47
/media/williancaddd/CODES/WORKSPACE-FIOTEC/eggs-count-algorithms/base-7,53,71,best-balanceado.pt,34.071009,paleta-7-53.jpg,2025-04-11 20:57:47
/media/williancaddd/CODES/WORKSPACE-FIOTEC/eggs-count-algorithms/base-7,13,16,best-balanceado.pt,32.786357,paleta-9-13.jpg,2025-04-11 20:57:47
/media/williancaddd/CODES/WORKSPACE-FIOTEC/eggs-count-algorithms/base-8,50,40,best-balanceado.pt,33.739198,paleta-110-50.jpg,2025-04-11 21:03:38
/media/williancaddd/CODES/WORKSPACE-FIOTEC/eggs-count-algorithms/base-8,29,15,best-balanceado.pt,33.992772,paleta-144-29.jpg,2025-04-11 21:03:38
/media/williancaddd/CODES/WORKSPACE-FIOTEC/eggs-count-algorithms/base-8,24,25,best-balanceado.pt,37.760895,paleta-177-24.jpg,2025-04-11 21:03:38
/media/williancaddd/CODES/WORKSPACE-FIOTEC/eggs-count-algorithms/base-8,136,133,best-balanceado.pt,32.824672,paleta-186-136.jpg,2025-04-11 21:03:38
/media/williancaddd/CODES/WORKSPACE-FIOTEC/eggs-count-algorithms/base-8,16,22,best-balanceado.pt,33.678254,paleta-282-16.jpg,2025-04-11 21:03:38
/media/williancaddd/CODES/WORKSPACE-FIOTEC/eggs-count-algorithms/base-8,18,23,best-balanceado.pt,34.005867,paleta-290-18.jpg,2025-04-11 21:03:38
/media/williancaddd/CODES/WORKSPACE-FIOTEC/eggs-count-algorithms/base-8,20,43,best-balanceado.pt,38.886249,paleta-329-20.jpg,2025-04-11 21:03:38
/media/williancaddd/CODES/WORKSPACE-FIOTEC/eggs-count-algorithms/base-8,12,14,best-balanceado.pt,37.982884,paleta-33-12.jpg,2025-04-11 21:03:38
/media/williancaddd/CODES/WORKSPACE-FIOTEC/eggs-count-algorithms/base-8,22,14,best-balanceado.pt,33.640312,paleta-37-22.jpg,2025-04-11 21:03:38
/media/williancaddd/CODES/WORKSPACE-FIOTEC/eggs-count-algorithms/base-8,55,42,best-balanceado.pt,34.092403,paleta-87-55.jpg,2025-04-11 21:03:38
/media/williancaddd/CODES/WORKSPACE-FIOTEC/eggs-count-algorithms/base-9,5,8,best-balanceado.pt,33.906246,paleta-140-5.jpg,2025-04-11 21:09:15
/media/williancaddd/CODES/WORKSPACE-FIOTEC/eggs-count-algorithms/base-9,4,9,best-balanceado.pt,32.892509,paleta-146-4.jpg,2025-04-11 21:09:15
/media/williancaddd/CODES/WORKSPACE-FIOTEC/eggs-count-algorithms/base-9,13,13,best-balanceado.pt,33.817741,paleta-165-13.jpg,2025-04-11 21:09:15
/media/williancaddd/CODES/WORKSPACE-FIOTEC/eggs-count-algorithms/base-9,1,1,best-balanceado.pt,34.197037,paleta-203-1.jpg,2025-04-11 21:09:15
/media/williancaddd/CODES/WORKSPACE-FIOTEC/eggs-count-algorithms/base-9,11,12,best-balanceado.pt,33.989631,paleta-210-11.jpg,2025-04-11 21:09:15
/media/williancaddd/CODES/WORKSPACE-FIOTEC/eggs-count-algorithms/base-9,3,4,best-balanceado.pt,33.91927,paleta-211-3.jpg,2025-04-11 21:09:15
/media/williancaddd/CODES/WORKSPACE-FIOTEC/eggs-count-algorithms/base-9,3,3,best-balanceado.pt,32.496716,paleta-268-3.jpg,2025-04-11 21:09:15
/media/williancaddd/CODES/WORKSPACE-FIOTEC/eggs-count-algorithms/base-9,8,13,best-balanceado.pt,33.986244,paleta-284-8.jpg,2025-04-11 21:09:15
/media/williancaddd/CODES/WORKSPACE-FIOTEC/eggs-count-algorithms/base-9,1,6,best-balanceado.pt,34.147534,paleta-285-1.jpg,2025-04-11 21:09:15
/media/williancaddd/CODES/WORKSPACE-FIOTEC/eggs-count-algorithms/base-9,9,29,best-balanceado.pt,32.95085,paleta-340-9.jpg,2025-04-11 21:09:15
/media/williancaddd/CODES/WORKSPACE-FIOTEC/eggs-count-algorithms/base-10,128,136,best-train2.onnx,4.389315,paleta-10-128.jpg,2025-04-12 13:16:01
/media/williancaddd/CODES/WORKSPACE-FIOTEC/eggs-count-algorithms/base-10,12,15,best-train2.onnx,3.481833,paleta-11-12.jpg,2025-04-12 13:16:01
/media/williancaddd/CODES/WORKSPACE-FIOTEC/eggs-count-algorithms/base-10,169,159,best-train2.onnx,3.44357,paleta-11-169.jpg,2025-04-12 13:16:01
/media/williancaddd/CODES/WORKSPACE-FIOTEC/eggs-count-algorithms/base-10,10,17,best-train2.onnx,3.346393,paleta-12-10.jpg,2025-04-12 13:16:01
/media/williancaddd/CODES/WORKSPACE-FIOTEC/eggs-count-algorithms/base-10,34,32,best-train2.onnx,3.109331,paleta-12-34.jpg,2025-04-12 13:16:01
/media/williancaddd/CODES/WORKSPACE-FIOTEC/eggs-count-algorithms/base-10,89,88,best-train2.onnx,3.503259,paleta-14-89.jpg,2025-04-12 13:16:01
/media/williancaddd/CODES/WORKSPACE-FIOTEC/eggs-count-algorithms/base-10,111,58,best-train2.onnx,3.494284,paleta-15-111.jpg,2025-04-12 13:16:01
/media/williancaddd/CODES/WORKSPACE-FIOTEC/eggs-count-algorithms/base-10,172,225,best-train2.onnx,3.073692,paleta-16-172.jpg,2025-04-12 13:16:01
/media/williancaddd/CODES/WORKSPACE-FIOTEC/eggs-count-algorithms/base-10,54,54,best-train2.onnx,3.047987,paleta-17-54.jpg,2025-04-12 13:16:01
/media/williancaddd/CODES/WORKSPACE-FIOTEC/eggs-count-algorithms/base-10,90,107,best-train2.onnx,2.831693,paleta-17-90.jpg,2025-04-12 13:16:01
/media/williancaddd/CODES/WORKSPACE-FIOTEC/eggs-count-algorithms/base-10,56,54,best-train2.onnx,2.92675,paleta-3-56.jpg,2025-04-12 13:16:01
/media/williancaddd/CODES/WORKSPACE-FIOTEC/eggs-count-algorithms/base-10,34,54,best-train2.onnx,3.117522,paleta-4-34.jpg,2025-04-12 13:16:01
/media/williancaddd/CODES/WORKSPACE-FIOTEC/eggs-count-algorithms/base-10,11,20,best-train2.onnx,3.051769,paleta-5-11.jpg,2025-04-12 13:16:01
/media/williancaddd/CODES/WORKSPACE-FIOTEC/eggs-count-algorithms/base-10,27,31,best-train2.onnx,3.137545,paleta-6-27.jpg,2025-04-12 13:16:01
/media/williancaddd/CODES/WORKSPACE-FIOTEC/eggs-count-algorithms/base-10,55,57,best-train2.onnx,3.796584,paleta-6-55.jpg,2025-04-12 13:16:01
/media/williancaddd/CODES/WORKSPACE-FIOTEC/eggs-count-algorithms/base-10,89,103,best-train2.onnx,3.308889,paleta-7-89.jpg,2025-04-12 13:16:01
/media/williancaddd/CODES/WORKSPACE-FIOTEC/eggs-count-algorithms/base-10,100,99,best-train2.onnx,3.186516,paleta-8-100.jpg,2025-04-12 13:16:01
/media/williancaddd/CODES/WORKSPACE-FIOTEC/eggs-count-algorithms/base-10,64,74,best-train2.onnx,3.039049,paleta-8-64.jpg,2025-04-12 13:16:01
/media/williancaddd/CODES/WORKSPACE-FIOTEC/eggs-count-algorithms/base-10,39,47,best-train2.onnx,3.056715,paleta-9-39.jpg,2025-04-12 13:16:01
/media/williancaddd/CODES/WORKSPACE-FIOTEC/eggs-count-algorithms/base-10,82,98,best-train2.onnx,3.150923,paleta-9-82.jpg,2025-04-12 13:16:01
/media/williancaddd/CODES/WORKSPACE-FIOTEC/eggs-count-algorithms/base-11,183,83,best-train2.onnx,3.350229,paleta-43-183.jpg,2025-04-12 13:16:34
/media/williancaddd/CODES/WORKSPACE-FIOTEC/eggs-count-algorithms/base-11,50,33,best-train2.onnx,3.496872,paleta-43-50.jpg,2025-04-12 13:16:34
/media/williancaddd/CODES/WORKSPACE-FIOTEC/eggs-count-algorithms/base-11,14,18,best-train2.onnx,3.007853,paleta-46-14.jpg,2025-04-12 13:16:34
/media/williancaddd/CODES/WORKSPACE-FIOTEC/eggs-count-algorithms/base-11,102,96,best-train2.onnx,3.276429,paleta-48-102.jpg,2025-04-12 13:16:34
/media/williancaddd/CODES/WORKSPACE-FIOTEC/eggs-count-algorithms/base-11,17,19,best-train2.onnx,2.972006,paleta-48-17.jpg,2025-04-12 13:16:34
/media/williancaddd/CODES/WORKSPACE-FIOTEC/eggs-count-algorithms/base-11,242,216,best-train2.onnx,3.052162,paleta-48-242.jpg,2025-04-12 13:16:34
/media/williancaddd/CODES/WORKSPACE-FIOTEC/eggs-count-algorithms/base-11,148,144,best-train2.onnx,2.951777,paleta-49-148.jpg,2025-04-12 13:16:34
/media/williancaddd/CODES/WORKSPACE-FIOTEC/eggs-count-algorithms/base-11,257,239,best-train2.onnx,3.247413,paleta-49-257.jpg,2025-04-12 13:16:34
/media/williancaddd/CODES/WORKSPACE-FIOTEC/eggs-count-algorithms/base-11,13,38,best-train2.onnx,3.194318,paleta-50-13.jpg,2025-04-12 13:16:34
/media/williancaddd/CODES/WORKSPACE-FIOTEC/eggs-count-algorithms/base-11,30,31,best-train2.onnx,3.49382,paleta-50-30.jpg,2025-04-12 13:16:34
/media/williancaddd/CODES/WORKSPACE-FIOTEC/eggs-count-algorithms/base-12,25,55,best-train2.onnx,3.574554,paleta-1-25.jpg,2025-04-12 13:19:23
/media/williancaddd/CODES/WORKSPACE-FIOTEC/eggs-count-algorithms/base-12,103,107,best-train2.onnx,3.509645,paleta-10-103.jpg,2025-04-12 13:19:23
/media/williancaddd/CODES/WORKSPACE-FIOTEC/eggs-count-algorithms/base-12,179,103,best-train2.onnx,3.513363,paleta-10-179.jpg,2025-04-12 13:19:23
/media/williancaddd/CODES/WORKSPACE-FIOTEC/eggs-count-algorithms/base-12,56,40,best-train2.onnx,4.157252,paleta-10-56.jpg,2025-04-12 13:19:23
/media/williancaddd/CODES/WORKSPACE-FIOTEC/eggs-count-algorithms/base-12,79,80,best-train2.onnx,3.74957,paleta-10-79.jpg,2025-04-12 13:19:23
/media/williancaddd/CODES/WORKSPACE-FIOTEC/eggs-count-algorithms/base-12,148,109,best-train2.onnx,3.653448,paleta-11-148.jpg,2025-04-12 13:19:23
/media/williancaddd/CODES/WORKSPACE-FIOTEC/eggs-count-algorithms/base-12,157,185,best-train2.onnx,3.911625,paleta-11-157.jpg,2025-04-12 13:19:23
/media/williancaddd/CODES/WORKSPACE-FIOTEC/eggs-count-algorithms/base-12,178,91,best-train2.onnx,3.191606,paleta-11-178.jpg,2025-04-12 13:19:23
/media/williancaddd/CODES/WORKSPACE-FIOTEC/eggs-count-algorithms/base-12,181,91,best-train2.onnx,3.076846,paleta-12-181.jpg,2025-04-12 13:19:23
/media/williancaddd/CODES/WORKSPACE-FIOTEC/eggs-count-algorithms/base-12,19,30,best-train2.onnx,3.196068,paleta-12-19.jpg,2025-04-12 13:19:23
/media/williancaddd/CODES/WORKSPACE-FIOTEC/eggs-count-algorithms/base-12,24,32,best-train2.onnx,3.803565,paleta-12-24.jpg,2025-04-12 13:19:23
/media/williancaddd/CODES/WORKSPACE-FIOTEC/eggs-count-algorithms/base-12,41,29,best-train2.onnx,3.494664,paleta-12-41.jpg,2025-04-12 13:19:23
/media/williancaddd/CODES/WORKSPACE-FIOTEC/eggs-count-algorithms/base-12,28,16,best-train2.onnx,5.316323,paleta-13-28.jpg,2025-04-12 13:19:23
/media/williancaddd/CODES/WORKSPACE-FIOTEC/eggs-count-algorithms/base-12,31,53,best-train2.onnx,3.163458,paleta-13-31.jpg,2025-04-12 13:19:23
/media/williancaddd/CODES/WORKSPACE-FIOTEC/eggs-count-algorithms/base-12,33,17,best-train2.onnx,3.129609,paleta-13-33.jpg,2025-04-12 13:19:23
/media/williancaddd/CODES/WORKSPACE-FIOTEC/eggs-count-algorithms/base-12,82,105,best-train2.onnx,3.14342,paleta-13-82.jpg,2025-04-12 13:19:23
/media/williancaddd/CODES/WORKSPACE-FIOTEC/eggs-count-algorithms/base-12,83,60,best-train2.onnx,3.469199,paleta-13-83.jpg,2025-04-12 13:19:23
/media/williancaddd/CODES/WORKSPACE-FIOTEC/eggs-count-algorithms/base-12,54,67,best-train2.onnx,3.447699,paleta-15-54.jpg,2025-04-12 13:19:23
/media/williancaddd/CODES/WORKSPACE-FIOTEC/eggs-count-algorithms/base-12,66,74,best-train2.onnx,3.192085,paleta-15-66.jpg,2025-04-12 13:19:23
/media/williancaddd/CODES/WORKSPACE-FIOTEC/eggs-count-algorithms/base-12,92,65,best-train2.onnx,3.313425,paleta-15-92.jpg,2025-04-12 13:19:23
/media/williancaddd/CODES/WORKSPACE-FIOTEC/eggs-count-algorithms/base-12,4,11,best-train2.onnx,3.143418,paleta-16-4.jpg,2025-04-12 13:19:23
/media/williancaddd/CODES/WORKSPACE-FIOTEC/eggs-count-algorithms/base-12,21,39,best-train2.onnx,3.3467,paleta-17-21.jpg,2025-04-12 13:19:23
/media/williancaddd/CODES/WORKSPACE-FIOTEC/eggs-count-algorithms/base-12,49,54,best-train2.onnx,3.027641,paleta-17-49.jpg,2025-04-12 13:19:23
/media/williancaddd/CODES/WORKSPACE-FIOTEC/eggs-count-algorithms/base-12,8,28,best-train2.onnx,3.168473,paleta-17-8.jpg,2025-04-12 13:19:23
/media/williancaddd/CODES/WORKSPACE-FIOTEC/eggs-count-algorithms/base-12,10,17,best-train2.onnx,3.212258,paleta-2-10.jpg,2025-04-12 13:19:23
/media/williancaddd/CODES/WORKSPACE-FIOTEC/eggs-count-algorithms/base-12,2,13,best-train2.onnx,3.459395,paleta-2-2.jpg,2025-04-12 13:19:23
/media/williancaddd/CODES/WORKSPACE-FIOTEC/eggs-count-algorithms/base-12,4,19,best-train2.onnx,3.131358,paleta-2-4.jpg,2025-04-12 13:19:23
/media/williancaddd/CODES/WORKSPACE-FIOTEC/eggs-count-algorithms/base-12,37,45,best-train2.onnx,3.471711,paleta-3-37.jpg,2025-04-12 13:19:23
/media/williancaddd/CODES/WORKSPACE-FIOTEC/eggs-count-algorithms/base-12,107,177,best-train2.onnx,3.311148,paleta-4-107.jpg,2025-04-12 13:19:23
/media/williancaddd/CODES/WORKSPACE-FIOTEC/eggs-count-algorithms/base-12,11,26,best-train2.onnx,4.151034,paleta-4-11.jpg,2025-04-12 13:19:23
/media/williancaddd/CODES/WORKSPACE-FIOTEC/eggs-count-algorithms/base-12,125,140,best-train2.onnx,3.794072,paleta-4-125.jpg,2025-04-12 13:19:23
/media/williancaddd/CODES/WORKSPACE-FIOTEC/eggs-count-algorithms/base-12,158,179,best-train2.onnx,3.623967,paleta-4-158.jpg,2025-04-12 13:19:23
/media/williancaddd/CODES/WORKSPACE-FIOTEC/eggs-count-algorithms/base-12,5,14,best-train2.onnx,3.414319,paleta-4-5.jpg,2025-04-12 13:19:23
/media/williancaddd/CODES/WORKSPACE-FIOTEC/eggs-count-algorithms/base-12,13,15,best-train2.onnx,3.312328,paleta-5-13.jpg,2025-04-12 13:19:23
/media/williancaddd/CODES/WORKSPACE-FIOTEC/eggs-count-algorithms/base-12,26,39,best-train2.onnx,3.375985,paleta-5-26.jpg,2025-04-12 13:19:23
/media/williancaddd/CODES/WORKSPACE-FIOTEC/eggs-count-algorithms/base-12,28,34,best-train2.onnx,3.37658,paleta-5-28.jpg,2025-04-12 13:19:23
/media/williancaddd/CODES/WORKSPACE-FIOTEC/eggs-count-algorithms/base-12,38,46,best-train2.onnx,3.220938,paleta-6-38.jpg,2025-04-12 13:19:23
/media/williancaddd/CODES/WORKSPACE-FIOTEC/eggs-count-algorithms/base-12,65,40,best-train2.onnx,3.745808,paleta-6-65.jpg,2025-04-12 13:19:23
/media/williancaddd/CODES/WORKSPACE-FIOTEC/eggs-count-algorithms/base-12,14,15,best-train2.onnx,3.748472,paleta-7-14.jpg,2025-04-12 13:19:23
/media/williancaddd/CODES/WORKSPACE-FIOTEC/eggs-count-algorithms/base-12,32,25,best-train2.onnx,3.360989,paleta-7-32.jpg,2025-04-12 13:19:23
/media/williancaddd/CODES/WORKSPACE-FIOTEC/eggs-count-algorithms/base-12,139,158,best-train2.onnx,3.365812,paleta-8-139.jpg,2025-04-12 13:19:23
/media/williancaddd/CODES/WORKSPACE-FIOTEC/eggs-count-algorithms/base-12,146,182,best-train2.onnx,3.353436,paleta-8-146.jpg,2025-04-12 13:19:23
/media/williancaddd/CODES/WORKSPACE-FIOTEC/eggs-count-algorithms/base-12,15,24,best-train2.onnx,3.23941,paleta-8-15.jpg,2025-04-12 13:19:23
/media/williancaddd/CODES/WORKSPACE-FIOTEC/eggs-count-algorithms/base-12,25,30,best-train2.onnx,4.078802,paleta-8-25.jpg,2025-04-12 13:19:23
/media/williancaddd/CODES/WORKSPACE-FIOTEC/eggs-count-algorithms/base-12,12,21,best-train2.onnx,4.179256,paleta-9-12.jpg,2025-04-12 13:19:23
/media/williancaddd/CODES/WORKSPACE-FIOTEC/eggs-count-algorithms/base-12,137,316,best-train2.onnx,4.02849,paleta-9-137.jpg,2025-04-12 13:19:23
/media/williancaddd/CODES/WORKSPACE-FIOTEC/eggs-count-algorithms/base-12,60,52,best-train2.onnx,3.50076,paleta-9-60.jpg,2025-04-12 13:19:23
/media/williancaddd/CODES/WORKSPACE-FIOTEC/eggs-count-algorithms/base-4,41,55,best-train2.onnx,3.188593,paleta-1-41.png,2025-04-12 13:19:55
/media/williancaddd/CODES/WORKSPACE-FIOTEC/eggs-count-algorithms/base-4,60,54,best-train2.onnx,2.655054,paleta-2-60.png,2025-04-12 13:19:55
/media/williancaddd/CODES/WORKSPACE-FIOTEC/eggs-count-algorithms/base-4,18,74,best-train2.onnx,2.757899,paleta-3-18.png,2025-04-12 13:19:55
/media/williancaddd/CODES/WORKSPACE-FIOTEC/eggs-count-algorithms/base-4,20,21,best-train2.onnx,2.739034,paleta-4-20.png,2025-04-12 13:19:55
/media/williancaddd/CODES/WORKSPACE-FIOTEC/eggs-count-algorithms/base-4,108,89,best-train2.onnx,4.185503,paleta-43-108.jpg,2025-04-12 13:19:55
/media/williancaddd/CODES/WORKSPACE-FIOTEC/eggs-count-algorithms/base-4,29,22,best-train2.onnx,3.645153,paleta-5-29.png,2025-04-12 13:19:55
/media/williancaddd/CODES/WORKSPACE-FIOTEC/eggs-count-algorithms/base-4,12,15,best-train2.onnx,3.553505,paleta-6-12.png,2025-04-12 13:19:55
/media/williancaddd/CODES/WORKSPACE-FIOTEC/eggs-count-algorithms/base-4,32,38,best-train2.onnx,2.889921,paleta-7-32.png,2025-04-12 13:19:55
/media/williancaddd/CODES/WORKSPACE-FIOTEC/eggs-count-algorithms/base-4,0,21,best-train2.onnx,2.985851,paleta-8-0.png,2025-04-12 13:19:55
/media/williancaddd/CODES/WORKSPACE-FIOTEC/eggs-count-algorithms/base-5,18,21,best-train2.onnx,3.725551,paleta-14-18.jpg,2025-04-12 13:20:33
/media/williancaddd/CODES/WORKSPACE-FIOTEC/eggs-count-algorithms/base-5,103,49,best-train2.onnx,3.757837,paleta-185-103.jpg,2025-04-12 13:20:33
/media/williancaddd/CODES/WORKSPACE-FIOTEC/eggs-count-algorithms/base-5,34,52,best-train2.onnx,3.394925,paleta-191-34.jpg,2025-04-12 13:20:33
/media/williancaddd/CODES/WORKSPACE-FIOTEC/eggs-count-algorithms/base-5,46,46,best-train2.onnx,3.877418,paleta-201-46.jpg,2025-04-12 13:20:33
/media/williancaddd/CODES/WORKSPACE-FIOTEC/eggs-count-algorithms/base-5,152,150,best-train2.onnx,4.283613,paleta-228-152.jpg,2025-04-12 13:20:33
/media/williancaddd/CODES/WORKSPACE-FIOTEC/eggs-count-algorithms/base-5,47,44,best-train2.onnx,3.729104,paleta-254-47.jpg,2025-04-12 13:20:33
/media/williancaddd/CODES/WORKSPACE-FIOTEC/eggs-count-algorithms/base-5,12,12,best-train2.onnx,3.926266,paleta-256-12.jpg,2025-04-12 13:20:33
/media/williancaddd/CODES/WORKSPACE-FIOTEC/eggs-count-algorithms/base-5,16,20,best-train2.onnx,3.419688,paleta-38-16.jpg,2025-04-12 13:20:33
/media/williancaddd/CODES/WORKSPACE-FIOTEC/eggs-count-algorithms/base-5,44,33,best-train2.onnx,3.062538,paleta-404-44.jpg,2025-04-12 13:20:33
/media/williancaddd/CODES/WORKSPACE-FIOTEC/eggs-count-algorithms/base-5,8,8,best-train2.onnx,3.725079,paleta-81-8.jpg,2025-04-12 13:20:33
/media/williancaddd/CODES/WORKSPACE-FIOTEC/eggs-count-algorithms/base-6,23,20,best-train2.onnx,3.07667,paleta-067-23.jpg,2025-04-12 13:21:06
/media/williancaddd/CODES/WORKSPACE-FIOTEC/eggs-count-algorithms/base-6,41,48,best-train2.onnx,3.227372,paleta-109-41.jpg,2025-04-12 13:21:06
/media/williancaddd/CODES/WORKSPACE-FIOTEC/eggs-count-algorithms/base-6,32,39,best-train2.onnx,3.475078,paleta-187-32.jpg,2025-04-12 13:21:06
/media/williancaddd/CODES/WORKSPACE-FIOTEC/eggs-count-algorithms/base-6,58,53,best-train2.onnx,3.180755,paleta-291-58.jpg,2025-04-12 13:21:06
/media/williancaddd/CODES/WORKSPACE-FIOTEC/eggs-count-algorithms/base-6,59,60,best-train2.onnx,3.231283,paleta-34-59.jpg,2025-04-12 13:21:06
/media/williancaddd/CODES/WORKSPACE-FIOTEC/eggs-count-algorithms/base-6,4,6,best-train2.onnx,3.161197,paleta-352-4.jpg,2025-04-12 13:21:06
/media/williancaddd/CODES/WORKSPACE-FIOTEC/eggs-count-algorithms/base-6,108,69,best-train2.onnx,3.104062,paleta-43-108.jpg,2025-04-12 13:21:06
/media/williancaddd/CODES/WORKSPACE-FIOTEC/eggs-count-algorithms/base-6,7,6,best-train2.onnx,3.076,paleta-51-7.jpg,2025-04-12 13:21:06
/media/williancaddd/CODES/WORKSPACE-FIOTEC/eggs-count-algorithms/base-6,15,20,best-train2.onnx,3.209317,paleta-61-15.jpg,2025-04-12 13:21:06
/media/williancaddd/CODES/WORKSPACE-FIOTEC/eggs-count-algorithms/base-6,60,56,best-train2.onnx,3.064359,paleta-78-60.jpg,2025-04-12 13:21:06
/media/williancaddd/CODES/WORKSPACE-FIOTEC/eggs-count-algorithms/base-7,112,132,best-train2.onnx,3.248677,paleta-1-112.jpg,2025-04-12 13:21:50
/media/williancaddd/CODES/WORKSPACE-FIOTEC/eggs-count-algorithms/base-7,4,11,best-train2.onnx,3.359983,paleta-10-4.jpg,2025-04-12 13:21:50
/media/williancaddd/CODES/WORKSPACE-FIOTEC/eggs-count-algorithms/base-7,47,76,best-train2.onnx,3.024962,paleta-11-47.jpg,2025-04-12 13:21:50
/media/williancaddd/CODES/WORKSPACE-FIOTEC/eggs-count-algorithms/base-7,93,151,best-train2.onnx,3.537449,paleta-12-93.jpg,2025-04-12 13:21:50
/media/williancaddd/CODES/WORKSPACE-FIOTEC/eggs-count-algorithms/base-7,129,140,best-train2.onnx,3.777498,paleta-13-129.jpg,2025-04-12 13:21:50
/media/williancaddd/CODES/WORKSPACE-FIOTEC/eggs-count-algorithms/base-7,114,132,best-train2.onnx,3.753428,paleta-14-114.jpg,2025-04-12 13:21:50
/media/williancaddd/CODES/WORKSPACE-FIOTEC/eggs-count-algorithms/base-7,15,21,best-train2.onnx,3.423764,paleta-15-15.jpg,2025-04-12 13:21:50
/media/williancaddd/CODES/WORKSPACE-FIOTEC/eggs-count-algorithms/base-7,95,106,best-train2.onnx,3.192053,paleta-16-95.jpg,2025-04-12 13:21:50
/media/williancaddd/CODES/WORKSPACE-FIOTEC/eggs-count-algorithms/base-7,24,33,best-train2.onnx,3.227208,paleta-17-24.jpg,2025-04-12 13:21:50
/media/williancaddd/CODES/WORKSPACE-FIOTEC/eggs-count-algorithms/base-7,4,10,best-train2.onnx,3.197985,paleta-2-4.jpg,2025-04-12 13:21:50
/media/williancaddd/CODES/WORKSPACE-FIOTEC/eggs-count-algorithms/base-7,20,47,best-train2.onnx,3.169786,paleta-5-20.jpg,2025-04-12 13:21:50
/media/williancaddd/CODES/WORKSPACE-FIOTEC/eggs-count-algorithms/base-7,53,65,best-train2.onnx,3.167102,paleta-7-53.jpg,2025-04-12 13:21:50
/media/williancaddd/CODES/WORKSPACE-FIOTEC/eggs-count-algorithms/base-7,13,17,best-train2.onnx,3.066337,paleta-9-13.jpg,2025-04-12 13:21:50
/media/williancaddd/CODES/WORKSPACE-FIOTEC/eggs-count-algorithms/base-8,50,39,best-train2.onnx,3.219703,paleta-110-50.jpg,2025-04-12 13:22:24
/media/williancaddd/CODES/WORKSPACE-FIOTEC/eggs-count-algorithms/base-8,29,15,best-train2.onnx,3.172226,paleta-144-29.jpg,2025-04-12 13:22:24
/media/williancaddd/CODES/WORKSPACE-FIOTEC/eggs-count-algorithms/base-8,24,26,best-train2.onnx,3.552178,paleta-177-24.jpg,2025-04-12 13:22:24
/media/williancaddd/CODES/WORKSPACE-FIOTEC/eggs-count-algorithms/base-8,136,160,best-train2.onnx,3.092397,paleta-186-136.jpg,2025-04-12 13:22:24
/media/williancaddd/CODES/WORKSPACE-FIOTEC/eggs-count-algorithms/base-8,16,28,best-train2.onnx,3.154369,paleta-282-16.jpg,2025-04-12 13:22:24
/media/williancaddd/CODES/WORKSPACE-FIOTEC/eggs-count-algorithms/base-8,18,24,best-train2.onnx,3.163186,paleta-290-18.jpg,2025-04-12 13:22:24
/media/williancaddd/CODES/WORKSPACE-FIOTEC/eggs-count-algorithms/base-8,20,28,best-train2.onnx,3.660012,paleta-329-20.jpg,2025-04-12 13:22:24
/media/williancaddd/CODES/WORKSPACE-FIOTEC/eggs-count-algorithms/base-8,12,24,best-train2.onnx,3.563704,paleta-33-12.jpg,2025-04-12 13:22:24
/media/williancaddd/CODES/WORKSPACE-FIOTEC/eggs-count-algorithms/base-8,22,15,best-train2.onnx,3.441285,paleta-37-22.jpg,2025-04-12 13:22:24
/media/williancaddd/CODES/WORKSPACE-FIOTEC/eggs-count-algorithms/base-8,55,57,best-train2.onnx,3.35104,paleta-87-55.jpg,2025-04-12 13:22:24
/media/williancaddd/CODES/WORKSPACE-FIOTEC/eggs-count-algorithms/base-9,5,13,best-train2.onnx,3.748514,paleta-140-5.jpg,2025-04-12 13:22:59
/media/williancaddd/CODES/WORKSPACE-FIOTEC/eggs-count-algorithms/base-9,4,14,best-train2.onnx,3.604599,paleta-146-4.jpg,2025-04-12 13:22:59
/media/williancaddd/CODES/WORKSPACE-FIOTEC/eggs-count-algorithms/base-9,13,16,best-train2.onnx,3.761919,paleta-165-13.jpg,2025-04-12 13:22:59
/media/williancaddd/CODES/WORKSPACE-FIOTEC/eggs-count-algorithms/base-9,1,3,best-train2.onnx,3.419994,paleta-203-1.jpg,2025-04-12 13:22:59
/media/williancaddd/CODES/WORKSPACE-FIOTEC/eggs-count-algorithms/base-9,11,15,best-train2.onnx,3.232718,paleta-210-11.jpg,2025-04-12 13:22:59
/media/williancaddd/CODES/WORKSPACE-FIOTEC/eggs-count-algorithms/base-9,3,3,best-train2.onnx,3.20358,paleta-211-3.jpg,2025-04-12 13:22:59
/media/williancaddd/CODES/WORKSPACE-FIOTEC/eggs-count-algorithms/base-9,3,6,best-train2.onnx,3.112577,paleta-268-3.jpg,2025-04-12 13:22:59
/media/williancaddd/CODES/WORKSPACE-FIOTEC/eggs-count-algorithms/base-9,8,13,best-train2.onnx,3.275197,paleta-284-8.jpg,2025-04-12 13:22:59
/media/williancaddd/CODES/WORKSPACE-FIOTEC/eggs-count-algorithms/base-9,1,8,best-train2.onnx,3.24388,paleta-285-1.jpg,2025-04-12 13:22:59
/media/williancaddd/CODES/WORKSPACE-FIOTEC/eggs-count-algorithms/base-9,9,32,best-train2.onnx,3.135859,paleta-340-9.jpg,2025-04-12 13:22:59
